Couple_ID,T1A_Demo_Age_A,Attention_1.x_A,Attention_2.x_A,T1A_Demo_Gender_A,T1A_ROES_FB_S__1_A,T1A_ROES_FB_S__2_A,T1A_ROES_FB_S__3_A,T1A_ROES_FB_S__4_A,T1A_ROES_FB_S__5_A,T1A_ROES_FB_S__6_A,T1A_ROES_FB_S__7_A,T1A_ROES_FB_S__8_A,T1A_ROES_FB_S__9_A,T1A_ROES_FB_S__10_A,T1A_ROES_FB_S__11_A,T1A_ROES_FB_S__12_A,T1A_ROES_FB_S__13_A,T1A_ROES_FB_S__14_A,T1A_ROES_FB_S__15_A,T1A_ROES_FB_S__16_A,T1A_ROES_FB_S__17_A,T1A_ROES_FB_S__18_A,T1A_ROES_FB_S__19_A,T1A_ROES_FB_S__20_A,T1A_ROES_FB_S__21_A,T1A_ROES_FB_S__22_A,T1A_ROES_FB_S__23_A,T1A_ROES_FB_S__24_A,T1A_ROES_FB_S__25_A,T1A_ROES_FB_S__26_A,T1A_ROES_FB_S__27_A,T1A_ROES_FB_S__28_A,T1A_ROES_FB_S__29_A,T1A_ROES_FB_S__30_A,T1A_ROES_FB_S__31_A,T1A_ROES_FB_S__32_A,T1A_Demo_Age_P,Attention_1.x_P,Attention_2.x_P,T1A_Demo_Gender_P,Attention_1.y_P,Attention_2.y_P,T1B_ROES_FB_O__1_P,T1B_ROES_FB_O__2_P,T1B_ROES_FB_O__3_P,T1B_ROES_FB_O__4_P,T1B_ROES_FB_O__5_P,T1B_ROES_FB_O__6_P,T1B_ROES_FB_O__7_P,T1B_ROES_FB_O__8_P,T1B_ROES_FB_O__9_P,T1B_ROES_FB_O__10_P,T1B_ROES_FB_O__11_P,T1B_ROES_FB_O__12_P,T1B_ROES_FB_O__13_P,T1B_ROES_FB_O__14_P,T1B_ROES_FB_O__15_P,T1B_ROES_FB_O__16_P,T1B_ROES_FB_O__17_P,T1B_ROES_FB_O__18_P,T1B_ROES_FB_O__19_P,T1B_ROES_FB_O__20_P,T1B_ROES_FB_O__21_P,T1B_ROES_FB_O__22_P,T1B_ROES_FB_O__23_P,T1B_ROES_FB_O__24_P,T1B_ROES_FB_O__25_P,T1B_ROES_FB_O__26_P,T1B_ROES_FB_O__27_P,T1B_ROES_FB_O__28_P,T1B_ROES_FB_O__29_P,T1B_ROES_FB_O__30_P,T1B_ROES_FB_O__31_P,T1B_ROES_FB_O__32_P,Length,RelWB_P,RelWB_A
1113155142,36,2,1,1,5,5,4,5,5,5,5,5,4,3,3,4,6,5,6,5,6,5,5,6,3,4,4,3,3,4,1,2,2,3,3,2,35,2,1,2,1,5,4,5,5,4,1,3,2,4,5,4,5,5,6,6,4,4,4,5,5,6,4,5,4,3,5,5,5,5,2,3,3,2,18.33333333,30.01666667,28.83571429
1132030226,33,2,1,1,2,5,4,5,1,2,1,1,4,5,5,4,6,5,5,5,5,5,5,5,5,5,5,5,4,4,4,5,1,1,3,1,32,2,1,2,1,5,4,5,4,4,4,4,1,1,5,5,5,5,6,6,6,6,6,6,5,5,6,5,5,5,4,5,4,5,1,1,2,1,15.66666667,28.12380952,27.01428571
1159378848,45,2,1,1,4,4,4,4,3,4,4,3,6,6,4,4,6,6,6,5,6,6,6,6,4,4,3,3,4,4,5,2,2,2,1,1,45,2,1,2,1,5,4,4,4,4,2,3,3,2,5,5,3,4,5,5,5,5,6,5,6,6,3,4,3,3,3,3,3,4,4,2,2,2,20.25,31.37380952,32.91666667
1159772361,39,2,1,1,5,2,5,4,1,1,2,1,6,6,6,6,3,2,2,2,5,5,4,5,3,2,1,1,3,4,1,5,1,1,1,2,30,2,1,2,1,5,6,4,5,5,2,4,3,2,6,6,6,6,4,3,4,5,5,5,5,5,4,5,4,4,5,5,4,4,2,2,2,3,9.583333333,27.91428571,30.47142857
1210423345,30,2,1,2,5,5,4,5,1,2,5,2,6,4,5,5,6,6,6,6,5,5,5,6,5,6,5,5,5,5,3,4,1,1,2,1,33,2,1,1,1,5,6,5,5,5,6,6,6,5,5,6,5,6,6,5,6,6,6,5,6,6,5,4,6,5,6,6,6,6,5,6,4,4,6.5,30.05,30.33095238
1221607712,25,2,1,2,5,5,5,5,1,1,1,1,6,6,6,5,5,5,4,5,5,5,5,5,2,5,2,4,5,5,2,5,1,1,5,1,27,2,1,1,1,5,5,5,5,4,1,2,1,5,4,5,5,5,5,5,6,5,5,5,5,5,3,5,3,4,4,4,5,4,4,1,3,1,2.75,30.03095238,30.76666667
1232479475,42,2,1,1,3,4,4,4,2,3,3,2,3,4,2,3,4,4,4,5,5,5,5,5,5,5,3,3,4,3,3,4,2,2,2,2,27,2,1,2,1,5,3,5,3,4,1,1,1,1,4,2,4,2,6,6,5,6,6,6,6,6,6,6,2,4,5,4,4,2,1,1,1,1,13.25,30.33095238,25.34285714
1240424786,61,2,1,2,5,5,6,5,1,1,1,1,1,2,1,3,4,4,4,4,6,4,6,5,4,1,1,2,1,1,1,1,1,1,1,1,69,2,1,1,1,5,3,5,3,3,4,2,4,3,3,3,2,3,6,6,6,4,6,4,5,4,5,4,4,4,3,3,2,2,2,4,2,2,22.91666667,30.04761905,19.98809524
1241868359,31,2,1,2,1,1,1,1,1,1,1,1,3,4,3,3,4,4,4,4,4,4,5,4,5,4,1,1,1,1,5,1,1,1,1,1,30,2,1,1,1,5,2,4,3,3,1,4,2,2,2,2,2,1,4,4,4,4,5,4,4,4,2,2,2,2,2,3,2,3,1,1,6,5,4.666666667,20.63333333,31.15
1242414325,41,2,1,1,5,5,6,6,2,1,2,1,2,2,3,3,4,5,5,4,6,5,6,5,5,5,4,4,3,3,3,3,1,1,2,1,37,2,1,2,1,5,6,5,5,6,1,3,2,1,5,4,4,5,4,4,4,4,5,5,5,5,5,4,4,4,3,4,4,3,2,1,1,1,6,30.07857143,30.67380952
1284964130,33,2,1,2,4,4,2,4,3,4,4,3,3,2,3,3,5,5,5,4,5,5,5,4,4,4,5,3,2,4,4,4,4,3,2,4,36,2,1,1,1,5,5,4,5,5,5,5,5,5,5,5,2,4,5,5,5,5,4,5,5,5,2,5,5,5,5,5,5,5,5,4,4,4,11.66666667,19.16428571,20.41666667
1332694962,36,2,1,1,4,4,4,4,3,4,4,3,5,4,4,4,3,3,5,5,3,4,5,4,4,4,4,4,3,4,4,5,2,2,5,2,30,2,1,2,1,5,4,4,4,4,2,3,2,3,4,4,4,4,5,5,5,4,5,6,6,5,5,5,4,4,4,4,4,5,3,3,3,3,6.583333333,28.71428571,21.32619048
1358215351,34,2,1,1,6,6,6,6,2,6,6,4,6,6,6,6,1,5,2,6,6,6,6,6,6,6,2,6,6,6,3,1,4,1,1,1,30,2,1,2,1,5,5,6,5,5,6,6,6,6,6,5,6,6,3,5,5,4,5,4,5,4,2,4,2,2,5,5,5,4,4,4,2,4,11.25,27.27857143,31
1366524973,37,2,1,2,5,4,5,5,2,6,3,2,5,5,5,5,4,5,5,5,6,6,5,5,4,5,4,4,5,5,5,5,3,1,1,2,30,2,1,1,1,5,4,4,4,4,4,4,4,4,2,3,2,4,3,4,4,4,5,5,5,5,3,4,3,3,4,4,4,4,2,2,3,2,7.166666667,28.85238095,31.91666667
1392477926,31,2,1,1,4,5,5,4,1,2,1,1,5,4,5,5,6,6,6,5,5,5,5,5,4,5,4,4,4,2,3,4,1,1,1,1,30,2,1,2,1,5,4,4,4,5,1,2,1,1,4,1,1,3,6,6,6,6,6,6,6,6,4,5,5,5,1,2,1,2,2,1,1,1,5.75,32.17380952,27.76666667
1429781806,28,2,1,2,5,6,5,5,3,4,3,3,3,4,3,3,5,4,3,4,6,6,6,6,3,5,4,4,5,5,5,5,4,1,2,2,29,2,1,1,1,5,5,5,5,5,4,4,5,5,4,4,2,3,4,6,6,6,6,6,6,6,5,4,5,4,6,6,4,4,2,1,3,2,2.75,27.67619048,28.41666667
1434979242,53,2,1,1,5,3,4,4,4,4,4,4,4,3,4,4,4,4,4,5,4,5,4,5,3,3,3,3,2,2,2,2,3,2,2,2,36,2,1,2,1,5,5,4,4,4,1,4,1,1,4,4,4,4,5,6,5,6,6,6,6,6,3,5,5,2,2,4,1,4,1,1,1,1,3.5,33,33
1461398593,22,2,1,2,5,5,5,5,3,3,3,2,6,6,6,6,5,6,6,5,6,6,6,6,4,4,3,3,5,5,5,5,1,2,2,1,22,2,1,1,1,5,6,6,6,6,1,1,1,1,4,4,2,1,6,6,6,6,6,6,6,6,6,4,3,6,6,4,1,6,1,2,1,1,1.583333333,30.65,30.48333333
1467258572,32,2,1,2,4,4,4,4,3,3,3,2,4,4,4,4,5,5,5,4,5,5,5,5,3,4,3,3,3,4,3,4,3,2,3,3,27,2,1,1,1,5,5,4,4,4,1,2,1,1,2,5,4,4,4,5,4,4,5,5,2,5,2,2,2,2,2,4,2,2,2,1,4,1,1.25,26.44761905,26.02857143
1476137362,22,2,1,2,4,2,5,6,5,6,5,6,4,4,4,5,6,5,6,4,4,4,3,6,2,5,1,4,5,6,5,5,6,4,6,5,23,5,1,1,6,5,3,4,6,4,2,6,1,2,6,6,6,6,6,6,6,6,6,6,6,5,4,5,4,4,5,6,6,6,2,1,2,1,5,29.80714286,27.58333333
1495025151,30,2,1,2,4,5,5,4,4,4,4,5,5,5,5,5,5,6,5,5,5,5,5,4,5,5,5,5,5,4,5,5,4,5,3,4,34,2,1,1,1,5,4,4,4,4,3,4,3,3,4,4,4,4,5,5,5,5,5,5,4,5,4,4,4,4,5,4,4,4,3,3,3,3,8.416666667,28.47380952,28.06666667
1538041728,37,2,1,1,5,5,3,5,1,1,1,1,3,4,4,4,5,5,5,5,6,6,6,6,5,5,4,4,2,4,3,2,1,1,1,1,35,2,1,2,6,5,3,5,4,5,4,5,4,5,5,6,5,5,5,5,6,5,6,6,6,5,4,4,3,3,4,4,4,4,3,1,1,2,11.16666667,28.83095238,31.33333333
1542865029,28,2,1,1,5,5,5,6,6,6,5,6,5,6,6,6,6,5,6,6,6,6,6,6,6,6,6,6,5,6,6,6,4,6,5,6,26,2,1,2,1,5,3,1,3,1,1,1,1,1,6,6,3,4,6,6,6,6,6,6,6,4,4,5,1,3,2,3,6,4,1,2,1,3,0.75,29.67857143,28.99761905
1551785824,50,2,1,2,5,3,3,4,4,4,5,5,2,3,2,3,5,5,5,5,5,5,3,5,5,4,5,5,6,4,5,5,1,1,1,1,52,2,1,1,1,5,5,5,5,6,4,5,5,5,1,1,1,1,6,6,6,5,5,6,5,6,2,1,1,3,6,5,6,6,1,1,1,1,22.41666667,31.41666667,29.32857143
1573954284,42,2,1,1,4,4,2,3,1,1,1,1,4,4,3,3,5,5,5,5,5,5,5,5,4,5,4,3,3,4,4,3,1,1,1,1,46,2,1,2,1,5,5,5,5,4,1,2,1,1,4,3,5,4,6,6,6,6,6,6,6,6,1,1,2,1,2,4,4,2,1,1,1,1,12.33333333,32.35,29.35952381
1578008221,43,2,1,1,4,2,4,4,4,4,5,5,5,5,5,5,5,4,4,4,5,6,4,5,5,5,2,2,3,2,5,5,4,1,4,1,33,2,1,2,1,5,2,2,3,4,2,4,4,2,5,4,4,4,4,5,4,4,4,5,2,5,4,4,4,2,4,4,4,2,1,1,1,1,8.666666667,25.62380952,25.97619048
1584964988,29,2,1,1,5,5,5,5,4,4,4,3,4,5,4,5,5,6,5,5,5,6,6,5,5,5,5,5,4,5,5,4,3,1,3,4,29,2,1,2,1,5,5,4,4,6,5,5,5,2,2,5,2,2,6,6,6,6,5,5,5,6,5,5,5,5,5,5,4,4,3,4,1,4,2.916666667,32.37142857,29.0547619
1590463988,30,2,1,1,5,6,5,6,6,5,5,2,5,4,6,5,6,6,5,6,5,5,6,4,5,5,6,6,3,5,6,6,3,2,3,2,28,2,1,2,1,5,5,5,4,5,2,5,3,1,5,5,5,5,6,5,6,6,5,5,6,5,5,5,4,4,4,5,5,4,2,2,2,3,8.166666667,31.5452381,29.98333333
1606602662,31,2,1,1,6,3,6,4,2,5,2,3,5,6,6,6,5,6,6,6,6,6,5,6,6,6,5,2,6,6,2,6,1,1,1,1,30,2,1,2,1,5,5,5,6,5,2,1,1,2,6,6,4,5,6,5,6,5,6,6,6,6,5,5,4,4,4,5,4,4,2,1,3,2,11,28.4047619,26.11666667
1633490390,43,2,1,2,4,4,4,4,3,3,3,3,6,6,6,6,6,6,6,6,6,6,6,6,4,4,4,3,4,4,4,4,3,3,1,1,39,2,1,1,1,5,4,4,3,5,2,2,2,3,4,4,3,4,5,5,4,5,5,4,4,4,3,4,3,4,3,4,3,3,2,2,3,3,8.916666667,27.51190476,29.77857143
1653439408,27,2,1,2,5,5,5,4,3,4,4,4,5,5,6,4,6,6,6,6,5,6,5,5,4,5,3,3,4,5,4,5,2,3,2,3,26,2,3,1,1,5,1,1,2,2,4,1,2,2,2,3,1,1,3,3,3,4,2,5,1,4,2,3,2,1,3,3,3,5,2,2,6,2,5.083333333,24.14285714,31.46666667
1678451535,58,2,1,2,6,6,6,5,6,6,6,3,6,5,4,5,6,6,6,6,6,6,6,6,6,5,5,6,5,6,6,6,4,4,3,4,49,2,1,1,1,5,4,4,4,4,4,2,2,2,3,4,2,2,2,2,4,4,4,2,4,4,4,4,4,4,4,5,5,4,2,2,4,2,23.5,31.56666667,31.82142857
1697169397,32,2,1,2,6,5,6,6,5,5,4,6,5,5,6,5,5,5,5,5,6,5,6,6,5,5,5,5,6,5,6,6,4,6,6,6,37,2,1,1,1,5,6,5,6,6,6,6,6,6,4,4,4,4,6,6,6,6,6,6,6,6,6,6,6,6,6,6,6,6,1,4,3,6,4,30.01666667,24.62380952
1748772983,35,2,5,1,6,6,6,6,1,6,1,6,5,1,1,6,6,6,6,6,6,2,6,6,6,6,6,6,2,6,6,6,6,1,6,6,32,2,1,2,1,5,5,5,5,5,3,5,2,4,4,4,3,4,6,6,6,6,5,5,5,5,5,5,5,4,3,4,6,3,5,5,5,6,12.66666667,29.75238095,29.63333333
1758305095,43,2,1,1,5,4,5,4,2,4,5,2,4,5,4,4,1,1,1,1,5,4,5,4,5,5,5,4,2,4,2,4,2,5,1,1,39,2,1,2,1,5,5,5,5,4,4,5,5,5,4,5,4,4,3,4,3,4,3,4,5,5,4,5,4,5,5,5,5,5,4,4,4,4,18,19.73333333,25.26904762
1763991518,38,2,1,1,4,5,3,4,3,4,3,2,2,3,2,3,5,3,5,5,4,4,3,5,4,4,4,4,5,4,5,4,3,4,2,4,35,2,1,2,1,5,5,3,5,4,4,3,3,3,4,4,4,2,4,5,5,4,5,5,4,3,4,4,5,4,4,4,4,5,4,4,3,3,9.5,25.81666667,24.69285714
1767661726,62,2,1,2,4,4,4,4,4,4,6,1,2,1,2,4,4,5,5,4,4,5,5,4,2,5,5,3,3,4,3,4,1,1,1,1,76,2,1,1,1,5,5,3,4,4,5,5,4,4,2,2,2,1,6,5,5,5,4,3,4,4,6,6,4,4,2,3,2,3,3,1,1,1,20,29.71428571,28.2952381
1804044747,35,2,1,2,4,4,4,4,1,1,2,1,5,4,4,4,5,6,5,5,6,6,6,6,3,5,4,3,4,5,2,4,1,1,1,1,38,2,1,1,1,5,5,4,5,4,1,1,1,1,5,5,4,5,6,6,6,6,4,4,4,4,4,6,6,5,4,4,4,5,1,1,1,1,11.66666667,28.24761905,30.05
1901723692,38,2,1,1,6,6,4,6,5,6,6,4,5,6,5,5,6,6,6,6,5,6,6,6,6,5,5,5,4,6,5,5,5,5,5,5,33,2,1,2,1,5,5,5,6,6,6,6,4,6,6,5,4,5,5,5,6,6,6,5,5,6,6,6,5,5,6,6,5,6,4,4,4,5,8.083333333,27.4547619,30.25
1904678110,36,2,1,1,3,3,3,5,1,1,1,1,4,5,5,5,2,2,2,5,6,5,5,5,5,6,4,5,4,3,2,5,3,1,1,1,37,2,1,2,1,5,4,4,2,3,1,4,1,1,5,5,5,5,2,4,2,4,5,5,5,5,5,5,4,4,5,5,3,5,2,1,1,1,9.166666667,27.58333333,27.46428571
1918401684,30,2,1,2,5,4,2,6,2,3,3,1,4,5,2,2,6,5,5,4,4,2,5,5,4,3,5,2,2,3,4,6,2,2,2,5,30,2,1,1,1,5,1,1,1,5,1,1,1,1,1,1,1,1,1,2,1,1,1,1,1,1,1,2,5,1,5,1,1,5,1,1,5,1,5.166666667,11.4952381,22.48809524
1938608930,29,2,1,2,4,4,2,4,4,4,6,5,1,1,1,2,6,6,6,4,6,4,6,6,5,5,5,4,2,5,4,5,6,5,2,3,35,2,1,1,1,5,4,4,4,4,5,5,4,5,1,1,2,2,6,6,6,5,5,5,5,5,5,5,2,2,2,4,2,4,5,5,2,5,12.16666667,29.76666667,27.28333333
1943235945,26,2,1,1,5,4,3,6,5,3,3,2,6,5,4,6,6,6,6,6,5,6,6,6,5,6,4,4,4,5,5,4,4,1,1,2,23,2,1,2,1,5,4,4,4,5,3,4,4,2,5,5,4,4,5,5,5,5,6,4,6,6,4,4,4,4,5,4,5,4,2,2,2,1,3.5,29.64761905,30.11190476
1947914109,30,2,1,1,4,4,4,4,1,1,1,1,5,6,5,6,6,6,6,6,6,6,6,6,6,5,5,4,4,4,4,5,1,1,1,1,29,2,1,2,1,5,6,5,6,5,6,6,5,5,5,5,5,5,6,6,5,6,6,5,5,6,5,5,5,4,5,6,5,6,3,2,3,2,6.833333333,31.50714286,31.78333333
1990088762,26,2,1,2,5,3,5,4,1,2,1,2,5,5,5,4,6,6,6,6,5,5,5,5,3,2,2,2,4,5,3,5,1,1,1,1,30,5,1,1,1,5,4,4,4,4,2,2,5,2,4,4,4,4,2,3,2,4,5,4,5,5,4,5,2,4,4,5,5,4,2,2,2,2,5,25.89047619,27.23333333
1994837423,41,2,1,1,4,4,4,4,4,4,5,4,2,3,3,2,2,2,2,3,5,4,4,5,3,4,3,4,2,4,2,4,2,1,1,1,41,2,1,2,1,5,4,4,4,5,2,3,2,4,4,4,1,4,4,4,5,4,4,4,5,4,5,4,4,4,4,5,5,4,1,1,1,1,21.66666667,29.10952381,25.84761905
2001051890,51,2,1,1,4,2,4,3,1,1,2,1,4,4,2,4,5,5,5,4,5,4,5,4,5,4,3,4,4,4,4,3,1,1,1,1,49,2,1,2,1,5,3,3,3,3,3,4,4,2,4,4,3,4,4,4,3,4,5,5,5,4,4,4,4,4,4,4,4,4,3,1,3,3,26.08333333,18.12380952,20.97142857
2032818065,29,2,1,2,5,5,5,4,4,4,2,4,2,4,2,4,5,6,5,5,6,5,5,5,4,5,2,3,5,5,5,6,2,2,3,2,29,2,1,1,1,5,2,1,1,4,2,1,1,1,1,1,1,1,1,1,1,1,5,5,5,5,5,2,5,1,5,5,5,5,5,1,6,1,12.25,24.60238095,29.71428571
2050956243,31,2,1,2,5,5,5,6,1,1,1,1,6,6,4,6,4,4,4,6,5,5,5,4,1,1,1,4,1,5,3,4,1,1,1,1,37,2,1,1,1,5,3,4,4,3,4,4,2,3,4,4,4,3,4,3,4,3,4,4,3,4,3,3,3,2,5,3,4,3,3,3,3,4,6.5,17.78571429,13.8547619
2071250933,37,2,1,2,4,4,4,4,3,4,5,2,5,5,5,5,4,4,4,5,5,5,5,6,5,2,5,2,4,4,5,3,1,1,2,1,36,2,1,1,1,3,4,3,3,4,3,4,4,3,3,3,4,3,3,4,3,3,3,3,3,3,4,3,3,3,4,4,3,4,3,3,3,3,12.41666667,22.08809524,27.30714286
2099022430,22,2,1,1,5,5,5,5,3,3,5,3,4,4,4,4,6,6,6,5,6,5,6,5,6,5,5,5,4,5,5,5,4,2,5,5,21,2,1,2,1,5,5,5,5,5,3,3,2,2,5,5,5,5,5,5,5,5,5,5,4,5,4,5,5,5,5,5,5,5,5,5,2,2,2.416666667,29.16666667,25.33333333
2114950085,31,2,1,1,4,4,3,3,2,4,5,4,6,5,5,5,6,5,5,5,6,5,6,6,4,4,4,4,5,4,5,2,3,2,2,2,29,2,1,2,1,5,3,3,3,4,2,3,3,3,5,5,5,5,5,5,5,5,5,5,5,5,4,4,4,4,4,4,4,4,3,2,2,3,3.833333333,27.8547619,27.5
2175322027,58,2,1,1,4,5,5,5,4,4,3,4,5,5,5,5,5,5,5,5,5,4,5,5,4,4,4,4,4,5,5,5,2,2,3,2,59,2,1,2,1,5,5,5,5,5,5,5,5,5,5,5,5,4,5,5,5,5,5,5,5,5,5,5,5,5,5,5,5,5,5,5,5,5,31,27.6,29.68333333
2204547969,28,2,1,1,4,5,5,5,1,5,1,1,4,4,4,4,6,6,6,6,6,6,6,6,5,5,5,5,4,6,5,6,1,1,1,1,29,2,1,2,1,5,5,4,5,4,1,3,3,2,3,3,3,3,5,5,5,5,5,6,5,5,4,4,4,3,3,3,5,4,1,1,1,1,6.833333333,29.58095238,29.32142857
2227239414,36,2,1,2,4,4,4,4,1,3,1,1,2,2,2,2,3,2,2,3,4,4,4,4,2,1,1,2,5,4,4,4,3,1,3,2,31,2,1,1,1,5,2,2,2,2,1,1,1,1,4,4,4,2,1,2,1,2,5,4,5,5,1,2,1,2,4,2,4,1,1,1,4,2,36.16666667,12.67380952,14.56666667
2251623368,47,2,1,1,2,3,3,2,2,2,2,2,4,4,4,4,4,3,3,4,3,3,4,3,4,4,4,4,4,4,4,2,2,2,2,4,35,2,1,2,1,5,2,4,4,4,2,2,2,2,4,4,4,4,4,4,4,5,4,4,4,5,4,4,4,4,4,4,5,4,3,2,2,2,16.75,26.02142857,29.73333333
2266603699,34,2,1,2,4,4,4,5,4,4,6,4,6,5,5,5,5,6,5,6,5,6,5,5,4,5,4,4,4,6,4,4,4,5,5,4,30,2,1,1,1,5,4,4,3,4,2,2,2,2,4,4,1,2,4,3,3,3,4,2,2,3,5,3,3,3,2,2,2,4,5,5,3,2,5,19.42380952,21.37142857
2276401085,40,2,1,2,4,3,4,4,1,4,2,1,1,1,1,1,3,3,3,3,5,4,4,4,3,2,1,3,2,4,2,4,1,1,2,1,48,2,1,1,1,5,4,4,4,4,2,2,2,2,3,3,2,3,3,4,3,4,5,4,5,5,3,4,2,2,2,4,4,2,2,2,2,2,16.58333333,27.56190476,15.40238095
2318792566,27,2,1,1,5,5,5,5,5,5,5,5,5,5,5,5,5,5,5,5,5,5,5,5,5,5,5,4,5,5,5,5,5,5,5,5,26,2,1,2,1,5,5,5,6,6,4,5,5,6,4,4,6,6,6,6,5,5,6,6,6,5,3,5,5,5,5,6,6,6,2,3,2,6,2.5,32.13333333,29.76666667
2341009438,57,2,1,1,4,5,4,4,4,4,4,4,5,6,6,6,5,6,6,6,5,4,4,3,6,5,5,5,3,4,5,4,4,4,4,5,51,2,1,2,1,5,4,5,5,4,3,5,5,4,3,4,4,4,6,5,5,5,5,4,6,5,5,4,3,5,5,4,4,5,5,2,3,2,30.33333333,28.95714286,29.17142857
2401177436,31,2,1,2,6,6,6,6,1,4,4,1,6,6,6,6,6,6,6,6,6,6,6,6,6,1,6,6,6,6,1,5,2,1,1,1,32,2,1,1,1,5,6,5,4,5,1,4,1,1,5,6,4,5,6,6,6,5,6,6,6,6,5,6,6,5,6,6,6,6,1,1,1,1,8.083333333,32.16666667,29.23333333
2428663008,25,2,1,1,4,5,3,4,3,4,3,3,4,4,3,3,4,4,4,4,5,5,5,5,6,5,4,4,3,3,4,4,4,2,2,1,25,2,1,2,1,5,5,5,5,4,4,5,5,4,5,5,5,5,5,5,5,5,5,5,5,5,5,4,4,4,5,4,5,5,5,5,5,5,6.75,28.68333333,27.55
2480728549,33,2,1,1,6,6,6,6,1,1,1,1,5,4,3,5,6,6,6,6,5,5,2,5,5,5,5,5,5,5,2,4,1,1,1,1,33,2,1,2,1,5,5,2,5,4,1,1,1,1,5,5,4,5,6,6,6,6,5,6,5,3,2,1,2,2,5,6,4,5,1,1,1,1,15.58333333,30.04761905,28.78333333
2488084360,32,2,1,2,5,3,5,5,4,5,3,1,2,2,2,2,5,5,5,5,6,6,6,6,4,4,4,4,2,4,2,4,1,1,1,1,34,2,1,1,1,5,2,3,3,2,1,2,2,3,2,3,1,4,2,2,2,6,6,5,5,5,4,4,2,2,3,5,4,5,2,1,3,2,10.08333333,26.22619048,31.99047619
2513706669,54,2,1,2,5,4,6,5,1,1,3,1,4,4,4,4,6,6,5,6,6,6,6,5,4,4,4,3,4,5,4,4,2,2,1,1,51,2,1,1,1,5,4,4,4,5,3,3,3,2,2,2,2,2,5,5,5,5,5,4,5,5,4,4,3,4,4,4,4,4,3,2,3,3,3,30.69761905,28.80952381
2586929901,31,2,1,2,5,5,5,4,3,2,3,3,3,6,3,3,6,6,6,6,6,6,6,6,5,6,5,5,5,5,4,4,1,1,1,4,30,2,1,1,1,5,5,5,6,5,1,5,4,1,5,4,4,4,6,6,5,6,6,6,5,6,1,4,5,1,5,5,6,5,1,1,1,1,3.416666667,30.62142857,33
2622038891,55,2,1,1,5,4,4,4,4,5,3,3,5,4,4,5,6,6,5,5,5,5,5,5,4,4,3,4,4,5,3,4,3,3,3,3,52,2,1,2,1,5,4,4,4,4,2,4,4,3,4,5,4,4,5,5,5,5,5,5,5,5,4,3,3,3,2,4,3,3,2,3,2,2,6,27.13095238,27.96666667
2632507083,42,2,1,2,4,4,1,4,5,4,4,3,1,1,1,1,6,6,5,5,6,4,5,4,3,4,4,4,1,4,3,4,1,1,1,1,41,2,1,1,1,5,5,1,5,6,5,4,4,5,1,1,1,1,6,6,6,6,6,6,6,6,4,5,3,3,3,3,1,5,1,1,4,1,8.666666667,22.4547619,16.35238095
2647920627,29,2,1,1,3,3,4,2,2,3,3,3,4,2,2,2,3,2,2,2,4,3,2,3,3,3,2,2,4,2,4,3,3,2,2,2,31,2,1,2,1,5,3,1,4,3,4,2,3,2,1,1,1,1,2,1,2,1,1,2,3,2,2,1,1,2,1,1,2,4,2,1,6,2,11.5,16.74285714,18.98095238
2670425524,33,2,1,2,5,4,4,5,1,1,1,4,5,6,5,6,6,6,6,6,5,6,6,6,4,3,5,6,6,6,6,4,1,1,1,1,40,2,1,1,1,5,5,5,5,5,5,4,5,4,5,4,5,5,5,5,5,5,5,5,5,5,4,5,2,5,5,5,5,5,5,4,6,5,16,24.9952381,27.28095238
2698890632,39,2,1,1,5,4,5,4,2,3,2,2,5,5,4,5,5,5,5,5,5,5,5,5,3,3,3,2,4,3,3,3,4,1,1,2,40,2,1,2,1,5,6,6,6,6,3,3,5,2,6,6,4,6,6,6,6,6,6,6,6,6,5,5,3,3,6,6,6,5,1,1,1,1,0.75,30.12380952,29.83333333
2702605883,49,2,1,2,3,3,3,3,4,3,2,4,3,3,3,3,1,2,2,2,3,2,2,4,1,3,1,2,2,3,2,4,2,1,5,1,53,2,1,1,1,5,3,2,3,3,4,3,4,4,3,3,3,3,1,2,1,2,3,3,2,3,1,3,1,1,3,2,3,4,2,1,4,1,27.33333333,13.34047619,11.56190476
2721357633,38,2,1,1,5,4,4,4,1,1,2,1,6,5,6,6,3,4,4,6,6,6,6,6,4,4,3,3,4,5,4,3,1,1,1,1,30,2,1,2,1,5,5,4,4,4,1,1,1,1,5,5,4,4,3,4,4,5,5,6,5,5,5,6,4,5,4,4,3,3,1,1,1,1,5.166666667,26.79761905,28.26666667
2737013120,44,2,1,2,4,5,4,4,2,5,3,2,4,3,3,4,6,6,6,6,6,5,6,6,2,2,3,3,3,4,2,4,3,1,1,3,44,2,1,1,1,5,5,5,6,4,1,2,2,1,5,4,2,4,5,6,6,6,6,6,6,5,5,6,5,1,4,4,4,5,1,1,1,1,20.91666667,33,31.39761905
2760317849,54,2,1,2,4,4,4,5,4,4,4,4,3,2,2,3,5,4,5,4,5,5,4,4,5,5,4,4,4,4,5,4,3,2,5,4,54,4,1,1,1,5,4,5,4,5,5,4,4,5,3,3,2,2,5,5,5,5,5,5,4,5,4,4,4,4,4,5,5,5,4,2,5,4,35.5,25.34285714,25.10952381
2828134503,27,2,1,2,5,6,5,5,2,5,2,4,3,5,2,5,6,6,6,6,6,6,6,6,4,6,5,5,4,5,4,5,2,4,4,2,32,2,1,1,1,5,4,5,4,4,1,5,5,1,1,1,1,3,5,5,6,5,3,4,3,4,2,5,2,3,5,5,5,4,5,1,6,1,10.91666667,26.37142857,28.0452381
2924722929,47,2,1,2,3,3,3,3,4,6,4,6,6,6,6,6,6,6,6,6,6,6,6,6,3,5,4,3,6,5,6,3,3,3,2,3,53,2,1,1,1,5,5,4,4,5,4,5,5,4,5,6,5,5,6,6,6,6,5,5,5,5,5,5,5,4,4,5,4,4,3,4,2,2,4.166666667,29.63333333,31.6
2932039254,47,2,1,2,4,4,4,4,3,4,4,3,4,4,3,3,5,5,5,5,5,5,5,5,4,4,3,3,4,3,4,4,3,3,3,3,49,2,1,1,1,5,2,2,2,1,1,4,1,1,4,4,2,5,4,4,4,4,4,5,4,2,2,1,2,2,2,2,4,1,1,1,1,1,22,28.63333333,22.51428571
2933394381,33,2,1,1,5,5,5,5,3,4,3,2,3,4,3,3,6,6,6,6,6,6,6,6,6,6,5,4,5,5,3,4,4,3,3,5,29,2,1,2,1,5,6,5,4,4,1,6,3,2,4,3,3,2,6,6,6,6,6,6,6,6,3,6,4,4,4,4,4,4,1,1,1,4,6.75,31.43333333,31.18333333
2934362180,20,2,1,1,4,5,5,5,3,4,4,2,4,4,4,4,4,4,4,4,5,5,5,5,4,4,4,4,4,4,4,5,3,5,2,4,20,2,1,2,1,5,5,4,5,4,3,3,3,3,5,5,4,5,4,5,5,4,4,5,5,6,5,5,2,3,4,5,5,4,1,3,1,4,2.916666667,30.90714286,22.54047619
2943917999,28,2,1,1,4,3,4,3,1,2,5,2,5,5,5,5,6,6,6,5,6,6,5,5,5,6,5,4,2,3,2,5,2,2,1,2,27,2,1,2,1,5,5,4,5,4,2,1,1,1,3,4,4,4,6,6,6,6,6,6,6,6,3,3,3,3,3,3,3,2,1,1,1,1,6.166666667,28.68095238,29.58095238
2970241208,48,2,1,1,5,5,5,5,5,5,5,5,5,5,4,5,5,4,4,5,5,5,5,5,4,5,4,5,5,5,5,5,3,2,3,4,48,2,1,2,1,5,4,3,3,3,1,1,1,3,4,4,4,4,3,3,3,4,5,5,4,5,4,4,3,3,4,4,4,4,1,1,1,1,28.16666667,17.46904762,28.38333333
2994397404,39,2,1,1,3,4,3,3,1,3,4,2,4,5,5,5,6,6,6,5,5,5,5,5,5,4,3,5,5,5,5,5,2,2,2,2,31,2,1,2,1,5,4,2,2,2,2,2,2,2,4,5,4,4,6,6,6,5,5,5,5,5,4,4,4,4,5,4,4,4,3,1,1,2,6.75,28.54047619,27.70714286
3002254288,27,2,1,2,5,4,5,4,1,2,1,1,6,4,4,5,6,6,6,6,6,6,6,6,5,5,5,4,3,5,4,3,1,1,1,1,32,2,1,1,1,5,6,4,6,5,2,2,3,2,2,2,2,2,2,4,3,3,5,4,4,5,1,4,1,1,3,4,5,5,2,1,2,2,4.583333333,25.51428571,31.69047619
3009465562,53,2,1,2,4,4,5,4,3,4,4,4,4,4,4,4,5,5,5,5,5,5,5,5,5,5,4,4,4,4,5,5,4,4,2,3,54,2,1,1,1,5,5,4,5,6,5,5,5,5,6,5,5,5,5,6,5,5,6,5,6,5,5,6,6,6,5,5,5,5,5,4,4,4,24.83333333,32.6,29.36666667
3034390165,24,2,1,2,5,6,5,5,5,4,5,6,5,5,5,5,5,5,4,4,5,5,5,5,5,5,5,5,3,5,3,4,4,4,5,3,25,2,1,1,1,5,5,5,5,4,3,3,4,2,4,4,3,3,5,4,4,5,5,3,4,5,3,4,3,2,4,4,4,5,3,4,4,3,7.333333333,26.55952381,27.47619048
3078370098,20,2,1,2,4,5,4,5,4,4,4,4,5,4,4,4,6,6,6,6,6,6,6,6,5,4,4,4,4,4,3,5,3,3,1,2,20,2,1,1,1,5,3,2,3,3,2,4,4,2,5,4,6,4,6,6,6,6,5,5,3,5,4,5,2,2,4,2,4,2,3,1,1,4,2.583333333,29.59285714,29.63809524
3125311459,28,2,1,1,5,4,5,5,2,4,3,2,6,6,6,4,6,6,5,5,6,6,6,6,4,6,4,5,5,5,5,5,4,1,1,3,25,2,1,2,6,5,3,4,2,5,3,4,2,4,5,4,5,6,5,5,5,6,5,4,4,6,4,4,4,5,5,5,5,4,2,4,2,3,3,27.23571429,30.83333333
3155250725,52,2,1,1,4,4,4,3,4,4,4,5,4,5,4,4,4,4,4,4,4,5,4,4,4,4,4,3,3,3,3,3,3,3,3,3,56,2,1,2,1,5,5,4,4,4,3,5,4,3,6,6,6,6,5,5,5,4,6,5,5,5,5,4,5,5,4,4,5,4,1,2,2,2,15.58333333,28.26190476,27.30238095
3217467040,30,2,1,1,4,6,5,5,3,3,6,2,5,4,6,5,6,6,6,6,5,5,5,5,4,2,4,4,5,6,5,4,3,1,1,2,32,2,1,2,1,5,5,5,5,5,4,5,4,5,5,6,6,6,6,5,5,6,6,6,6,6,4,5,4,5,4,5,5,5,4,4,2,5,6.416666667,31.20714286,30.03809524
3234231931,57,2,1,2,5,5,4,5,4,3,1,6,3,4,4,4,6,6,6,6,6,5,6,6,5,6,5,5,2,4,2,2,1,1,1,1,59,2,1,1,1,5,4,3,4,3,3,2,3,4,3,3,2,2,3,3,3,3,4,3,4,3,3,3,2,3,3,3,2,4,3,3,4,3,11.16666667,21.4547619,31.95
3237629559,29,2,1,1,5,4,4,4,4,3,4,5,3,4,2,2,5,4,4,4,5,5,5,5,5,4,3,5,4,4,4,3,3,2,3,3,32,2,1,2,1,5,5,5,5,5,3,5,2,2,6,6,6,6,3,4,4,5,5,4,5,5,5,5,5,5,5,5,5,5,2,1,2,1,7.083333333,28.47619048,27.36666667
3258955683,35,2,1,1,5,4,4,4,3,6,5,5,6,6,5,6,6,6,5,6,6,6,6,5,6,6,4,5,6,5,5,6,3,5,3,5,38,2,1,2,1,5,3,4,2,2,2,2,3,2,6,6,6,6,6,6,5,6,6,6,6,5,6,5,4,2,5,4,4,2,2,6,2,6,13.25,27.76428571,26.67857143
3306449274,31,2,1,1,4,4,5,5,3,5,3,4,6,6,6,3,6,5,4,4,6,6,5,5,4,3,4,4,4,4,4,5,4,4,4,5,29,2,1,2,1,5,6,5,5,5,1,5,1,1,6,6,6,1,5,6,4,6,5,6,6,5,2,5,4,1,1,5,1,4,1,1,6,1,10,27.89047619,26.26190476
3384415020,35,2,1,1,5,4,4,5,2,4,1,4,4,4,5,5,5,5,5,5,5,5,5,4,5,5,5,4,4,5,4,5,5,2,1,3,32,2,1,2,1,5,5,5,4,6,5,5,5,2,5,4,5,5,5,5,5,5,5,5,5,5,5,4,5,4,5,6,5,5,5,5,6,5,10.66666667,30.25,32.8
3423382451,38,2,1,1,1,1,1,1,1,1,1,1,1,1,1,1,2,2,1,2,3,4,3,2,1,1,1,1,4,2,4,2,1,1,1,1,43,2,1,2,1,5,3,4,5,4,3,2,3,2,4,5,3,4,4,4,4,4,4,4,5,4,5,5,5,5,4,4,4,4,2,1,3,3,16,28.72380952,29.03809524
3458838605,22,2,1,2,5,5,4,4,1,2,3,2,4,4,2,4,4,4,4,5,5,4,5,4,5,5,4,5,3,4,3,5,2,5,3,1,22,2,1,1,1,5,5,5,5,4,3,4,3,3,3,4,2,3,4,5,5,4,5,5,5,5,4,4,3,4,3,3,4,4,2,1,2,1,4.25,27.25714286,30.46666667
3476980003,36,2,1,2,4,6,4,4,1,1,1,2,5,5,5,5,6,6,6,6,6,6,6,6,6,6,6,2,2,1,2,5,1,1,1,1,41,2,1,1,1,5,6,5,6,4,4,4,4,3,4,4,4,4,6,6,6,6,5,5,1,5,1,6,6,4,5,5,5,5,3,1,5,3,5.25,29.33809524,30.71190476
3545337362,36,2,1,2,3,3,4,3,4,4,4,1,4,5,2,4,6,6,6,6,4,4,5,5,5,5,5,6,3,3,4,3,1,1,1,1,37,2,1,1,1,5,4,5,4,4,4,2,4,3,4,4,1,4,5,5,5,5,4,4,4,4,5,3,4,4,4,4,4,4,2,1,4,2,16,31.74761905,31.76666667
3560258576,43,2,1,1,4,5,5,4,4,5,5,5,5,5,4,5,6,6,6,6,6,3,4,5,5,5,4,5,6,5,5,5,5,4,4,4,34,2,1,2,6,5,4,4,5,5,2,5,1,4,3,3,3,3,5,5,5,6,5,4,4,5,4,5,4,5,4,5,4,4,5,4,5,4,12.75,25.01666667,25.3
3588638032,47,2,1,2,6,5,5,5,4,5,6,4,3,4,3,3,4,4,4,4,4,4,5,5,4,5,4,4,4,5,4,5,3,3,6,2,48,2,1,1,1,5,5,3,4,4,2,3,3,2,3,4,2,3,3,4,3,5,5,4,5,5,4,3,4,4,4,4,3,3,3,2,5,1,22.5,26.4452381,14.41666667
3602784284,34,2,1,2,5,6,4,4,5,4,2,1,6,6,6,6,6,6,6,6,6,6,6,6,5,5,4,3,5,5,4,4,1,2,2,1,36,2,1,1,1,5,3,4,4,4,3,4,3,1,3,4,2,4,6,5,5,5,6,5,5,4,2,3,3,2,3,5,4,5,2,2,1,3,14.66666667,28.82619048,31.19047619
3617639253,40,2,1,2,4,4,5,4,4,4,4,3,5,4,2,3,6,6,6,6,6,6,6,6,6,6,6,4,4,5,2,2,1,1,1,1,45,2,1,1,1,5,3,4,3,3,3,3,3,2,5,5,6,5,6,6,6,6,4,4,4,4,4,4,3,4,3,3,4,3,2,2,1,1,15.66666667,32.69047619,32.71666667
3621044237,39,2,1,2,4,4,5,4,5,4,3,5,4,4,3,3,5,6,6,5,4,5,5,5,6,6,5,4,3,4,4,5,3,4,4,3,39,2,1,1,1,5,5,4,4,4,3,4,3,4,5,4,2,6,5,5,4,5,6,5,5,5,6,6,5,4,3,3,5,4,2,3,3,5,20.58333333,27.93571429,28.09761905
3635670362,38,2,1,2,5,4,5,5,2,2,3,2,4,4,3,4,5,6,5,6,6,6,6,6,3,4,3,4,3,5,2,3,1,4,1,1,34,2,1,1,1,5,2,3,2,3,1,1,1,1,1,1,1,1,6,6,6,6,2,2,6,5,5,5,5,4,5,4,1,1,2,1,1,1,4,28.08333333,30.30714286
3640024397,32,2,1,2,6,2,5,6,1,1,1,1,5,4,6,2,4,5,4,4,5,5,5,5,4,6,3,1,2,5,3,3,1,1,2,1,35,2,1,1,1,5,4,5,5,5,1,1,1,2,4,5,4,5,5,5,5,5,4,5,5,5,5,4,5,4,4,5,5,5,1,1,1,1,32.91666667,25.65,22.78571429
3651377266,30,2,1,1,4,4,5,5,5,4,5,5,6,5,6,6,6,6,6,5,5,6,5,5,5,5,4,5,4,4,4,4,4,2,3,2,30,2,1,2,1,5,4,4,3,4,2,4,5,2,5,6,4,5,5,5,5,5,5,4,4,4,2,4,4,3,5,5,5,5,6,3,3,5,13.75,26.60238095,27.63333333
3660138524,41,2,1,2,4,5,4,4,4,4,4,5,4,5,2,4,3,4,5,4,6,6,4,6,4,4,3,6,4,4,6,4,3,2,2,2,41,2,1,1,1,5,5,4,5,4,2,3,2,2,4,3,2,3,4,4,4,4,6,5,5,5,6,5,4,5,5,4,5,4,2,1,2,1,22.5,30.15238095,31.32857143
3675278321,32,2,1,1,5,4,5,4,1,2,2,2,6,5,4,5,6,4,6,6,5,5,4,4,3,5,4,4,3,5,5,5,3,2,2,2,32,2,1,2,1,5,4,4,4,4,1,3,1,1,5,6,5,5,3,4,4,3,5,5,5,4,4,4,4,3,5,5,5,5,4,1,1,1,10.33333333,29.70952381,25.52380952
3677889414,26,2,1,2,5,5,5,5,5,5,5,5,5,5,4,5,5,5,5,5,5,5,5,5,5,5,5,5,5,5,5,5,5,5,5,5,35,2,1,1,1,5,5,5,5,5,5,6,5,5,5,5,6,6,5,5,5,6,5,5,5,5,5,5,5,6,5,5,5,5,6,6,5,5,6.083333333,31.78333333,32.55
3692391825,40,2,1,1,4,4,4,4,3,5,5,3,6,6,6,6,6,6,6,6,5,5,5,5,5,5,5,4,5,5,5,6,1,2,2,4,37,2,1,2,1,5,4,4,4,5,4,4,5,4,6,5,6,6,4,5,5,6,5,5,5,5,6,6,5,5,6,5,5,5,2,2,4,5,1.166666667,28.25952381,24.53571429
3739753632,52,2,1,1,5,4,5,4,1,1,1,1,1,4,1,1,4,5,5,5,6,6,5,6,2,2,1,1,2,4,3,2,1,1,1,1,41,2,1,2,1,5,5,6,6,5,4,4,4,4,2,2,2,2,5,5,6,6,6,6,6,6,4,6,4,4,4,4,4,5,4,1,1,1,23.16666667,31.8,31.37142857
3757057282,33,2,1,2,5,5,4,4,3,3,2,2,4,4,2,4,6,6,6,6,5,5,5,5,3,4,4,4,2,3,4,4,2,2,1,1,34,2,1,1,1,5,2,3,2,3,2,3,2,2,3,2,2,4,6,5,5,5,5,5,5,5,2,4,3,4,2,2,2,3,1,1,2,1,8.166666667,27.17380952,28.65
3808218985,40,2,1,2,5,4,5,5,3,4,4,3,4,4,1,3,3,3,4,4,6,5,5,6,5,4,4,3,5,4,3,4,4,1,2,2,35,2,1,1,1,5,5,5,4,5,4,4,5,2,2,3,2,2,2,3,3,3,5,5,5,5,5,5,4,4,5,5,4,4,1,1,1,1,15.08333333,28.51666667,27.38095238
3816160797,30,2,1,1,4,4,5,4,4,4,4,4,5,5,4,5,5,5,5,5,5,4,5,4,4,4,4,4,4,4,4,4,4,3,4,3,31,2,1,2,1,5,5,5,5,4,4,4,5,4,4,5,4,5,4,5,5,5,5,5,5,5,5,5,3,4,4,5,5,5,3,3,4,4,9,24.41904762,25.54761905
3818537323,30,2,1,1,5,4,4,5,2,4,4,2,4,6,4,5,6,6,6,6,5,5,6,5,6,6,5,5,4,5,5,3,2,2,2,2,28,2,1,2,1,5,4,4,4,4,1,1,1,1,4,4,2,4,6,6,6,6,6,6,6,6,4,6,5,5,4,4,4,2,1,1,1,1,5,32.6,30.25714286
3827152899,47,2,1,2,5,5,5,5,5,6,5,4,4,5,4,4,5,5,4,5,6,5,2,6,5,5,5,5,5,4,5,5,3,3,4,2,55,2,1,1,1,5,5,2,1,2,2,5,5,1,6,5,5,5,5,6,2,5,4,2,2,5,1,5,1,1,6,5,5,5,2,1,2,1,19.83333333,27.97380952,31.86666667
3848928577,49,2,1,2,4,4,4,3,1,3,1,1,4,4,4,4,6,6,6,6,5,6,6,5,4,5,2,3,4,3,4,4,1,1,1,1,66,2,1,1,5,5,4,5,5,4,4,4,5,4,4,4,3,4,5,5,6,5,5,4,5,4,5,5,4,4,4,4,4,5,4,4,4,4,1.25,29.78333333,30.58333333
3924932399,34,2,1,2,2,2,5,5,6,5,6,4,1,2,2,1,6,5,5,5,5,4,5,2,4,1,1,3,3,3,4,2,6,1,5,1,39,2,1,1,1,5,2,3,2,4,2,4,2,2,2,2,2,2,4,4,4,4,4,5,5,4,3,4,2,3,3,2,2,3,1,1,2,2,14.75,23.24285714,21.0952381
3956201660,24,2,1,1,4,5,6,5,5,4,3,6,6,5,5,5,6,5,4,6,6,6,5,6,6,5,5,5,5,6,6,5,2,5,4,5,23,2,1,2,1,5,4,4,5,5,4,4,4,4,5,5,5,5,4,4,4,4,4,5,4,4,4,4,4,4,5,5,4,4,3,2,3,3,3.25,27.56190476,30.75
3975875505,31,2,1,1,4,4,4,4,4,5,4,4,5,5,4,4,5,5,5,5,5,5,5,5,5,5,4,4,4,5,5,4,2,2,2,3,27,2,1,2,1,5,5,5,5,5,2,5,5,4,5,5,5,6,5,6,6,5,5,5,5,5,5,5,4,5,5,5,5,5,5,2,2,5,11.5,25.96904762,24.16428571
3982679053,24,2,1,1,5,5,4,6,3,4,6,3,4,6,5,4,5,3,4,5,6,4,4,4,5,6,4,5,3,4,5,4,3,3,3,4,26,2,1,2,1,5,5,5,5,5,4,4,4,2,6,5,6,6,6,6,6,6,6,6,6,6,6,6,5,6,6,5,5,4,1,2,1,3,1.833333333,31.19047619,32.01666667
3989450904,59,2,1,2,4,4,4,4,1,2,4,1,3,4,3,2,4,3,4,4,6,6,6,6,4,4,4,4,4,4,4,4,2,1,2,2,59,2,1,1,1,5,4,4,4,4,1,2,1,1,5,5,4,5,6,5,4,6,6,5,6,5,5,5,4,4,5,4,4,4,2,1,1,1,10.41666667,32.66666667,29.1547619
4023407492,27,2,1,1,2,2,2,2,3,2,4,2,2,2,2,2,2,1,2,1,1,3,1,2,1,2,2,2,1,2,2,4,2,1,2,1,24,2,1,2,1,5,4,2,2,2,4,4,4,4,1,2,1,2,1,2,1,2,1,1,4,1,2,2,1,4,2,2,4,4,2,1,5,2,6.25,11.78333333,22.68809524
4039281921,25,2,1,1,5,4,4,5,3,5,4,3,2,5,3,4,6,6,6,6,6,6,6,6,4,6,5,5,5,5,6,3,1,1,2,1,26,2,1,2,1,5,3,4,4,4,2,4,3,2,5,4,4,4,6,6,5,6,5,5,5,5,4,4,4,4,4,5,5,4,3,4,3,5,1,32.16666667,32.13333333
4047411827,21,2,1,2,5,4,5,6,3,5,4,2,2,3,2,4,5,6,5,6,5,6,5,5,3,3,3,4,3,3,3,4,4,2,3,1,21,2,1,1,1,5,1,1,1,1,1,4,2,1,1,1,1,2,6,6,6,6,6,6,6,6,2,5,2,2,1,1,2,1,3,1,4,3,2.75,23.09285714,28
4059648074,28,2,1,2,4,4,3,5,5,4,5,4,5,5,6,4,6,6,5,5,6,4,5,6,5,5,4,3,5,3,4,4,2,1,2,1,29,2,1,1,1,5,5,5,5,5,5,5,3,4,2,3,2,2,4,4,4,5,5,6,5,5,2,3,1,1,4,4,3,4,6,3,4,1,7.5,29.73333333,24.37619048
4063729631,36,2,1,1,5,4,4,4,1,1,1,1,4,4,1,1,4,5,4,4,5,5,4,5,4,4,4,4,1,4,1,1,1,1,1,1,35,2,1,2,1,5,3,4,3,4,1,1,2,1,3,4,3,4,4,4,4,4,5,6,5,5,3,5,3,4,2,3,3,2,1,1,1,1,17,24.55714286,27.77619048
4066455144,39,2,1,1,5,4,2,5,2,1,5,3,6,5,5,5,2,5,5,5,5,5,5,5,4,5,5,5,4,2,3,2,1,1,2,1,35,2,1,2,1,5,3,2,3,2,1,1,2,1,6,5,5,5,4,4,4,4,3,3,3,4,5,4,2,4,2,4,2,3,1,1,4,1,6.916666667,25.1047619,22.82380952
4069126055,24,2,1,2,4,6,5,3,2,4,2,2,5,4,5,4,5,5,5,5,5,6,5,5,5,5,4,4,5,5,5,4,1,1,2,2,27,2,1,1,1,5,4,4,4,4,2,3,2,2,4,4,4,4,5,6,6,6,5,5,5,4,5,4,5,4,3,5,4,4,2,1,1,1,5.083333333,28.07142857,31.65714286
4074602280,47,2,1,2,2,4,2,4,2,2,1,2,1,2,3,1,6,6,5,5,6,4,5,6,5,5,3,3,5,5,6,5,1,1,4,2,48,2,1,1,1,5,4,1,5,1,1,4,1,1,1,1,1,1,6,6,6,4,6,6,6,6,3,1,1,1,1,4,1,1,1,1,1,1,30.16666667,27.82380952,29.33333333
4082652247,37,2,1,1,5,6,6,5,4,5,4,5,5,4,3,3,6,4,4,5,4,6,6,4,4,4,5,5,5,5,4,5,4,4,4,5,36,2,1,2,1,3,4,4,4,4,6,6,5,4,4,5,4,2,6,5,4,4,5,5,4,5,5,5,5,4,3,5,4,5,6,5,5,6,5,18.76190476,22.98095238
4104044019,34,2,1,1,5,5,4,4,3,4,3,3,6,4,6,6,6,6,6,6,6,6,6,6,6,6,4,4,4,4,6,4,2,2,2,2,33,2,1,2,1,5,2,2,3,3,2,3,3,2,4,4,5,4,5,4,3,4,5,4,5,4,3,4,3,5,3,4,4,4,2,2,5,3,7.083333333,26.99047619,27.22142857
4106370765,31,2,1,2,6,6,6,5,2,2,6,2,4,3,4,4,3,2,4,4,6,4,5,5,4,5,3,6,5,3,4,6,1,1,3,5,29,2,1,1,1,5,3,3,4,4,1,2,2,2,1,1,1,2,5,5,4,4,6,5,5,6,5,6,5,5,3,2,3,3,3,3,3,5,10,28.50238095,24.6
4122394478,39,2,1,2,4,4,4,4,4,4,4,4,2,4,4,4,6,5,4,4,4,5,4,4,4,6,4,4,4,4,4,5,4,1,4,3,40,2,1,1,1,5,5,4,4,4,5,4,4,1,2,2,2,2,4,5,6,6,6,5,4,5,5,4,4,5,5,4,4,4,1,1,1,1,20.91666667,32.91666667,31.4
4154636050,48,2,1,2,5,4,5,4,3,6,4,3,3,2,1,4,6,4,5,5,6,4,6,5,4,5,4,5,5,5,5,5,3,3,3,3,48,2,1,1,1,5,5,5,5,5,3,3,2,3,1,1,1,1,5,5,4,5,5,4,4,5,2,4,4,3,5,4,4,5,1,1,1,1,28,28.42857143,28.93333333
4155986902,31,2,1,1,6,5,6,5,3,4,2,3,4,5,4,4,4,4,3,3,6,5,6,6,4,5,2,3,4,4,4,4,4,1,2,2,29,2,1,2,1,5,5,4,5,4,4,4,4,3,4,4,3,4,1,1,2,3,5,4,4,4,4,3,2,3,3,4,3,5,1,1,1,2,3.833333333,24.41428571,24.95714286
4194973783,38,2,1,1,5,5,6,5,4,5,5,2,5,4,5,5,6,4,4,5,6,6,6,6,5,6,4,6,6,6,5,6,2,1,1,1,35,2,1,2,1,5,6,4,5,6,4,6,4,4,6,6,6,6,6,6,6,6,6,6,6,6,5,6,6,6,6,6,6,6,2,1,2,1,16.33333333,29.01666667,29.96666667
4220662263,56,2,1,2,3,3,3,3,2,2,3,3,3,3,2,3,5,6,5,5,4,5,5,6,5,5,5,6,4,5,4,4,2,2,4,2,73,2,1,1,1,5,4,3,4,4,4,4,4,4,3,4,4,4,6,5,6,6,6,4,6,5,5,5,4,4,2,4,3,4,3,2,2,2,2.666666667,29.17142857,27.87380952
4221348116,47,2,1,1,4,3,5,4,4,4,4,3,4,4,3,3,3,4,5,5,6,6,5,6,4,4,3,3,5,5,3,3,3,3,2,4,54,2,1,2,1,5,4,4,4,4,2,4,4,2,3,3,3,3,4,4,4,5,5,5,5,5,4,4,4,4,2,4,2,4,2,2,2,3,22.91666667,28.56428571,27.45714286
4250641874,51,2,1,1,5,4,3,3,4,5,4,2,1,2,2,2,6,6,6,6,4,4,4,5,2,3,2,4,3,4,3,3,3,5,5,4,49,2,1,2,1,5,5,5,5,5,4,5,4,4,6,6,4,5,4,5,6,6,6,6,6,6,5,6,5,5,5,6,5,5,1,1,1,1,11.16666667,32.8,27.53571429
4262690250,29,2,1,2,5,4,3,4,3,3,3,3,6,6,6,5,6,6,6,6,6,6,5,5,4,5,5,5,4,5,6,4,2,3,2,5,30,2,1,1,1,5,4,5,4,5,4,4,4,3,4,5,5,5,4,5,5,5,4,4,4,5,5,4,5,4,5,5,5,5,3,3,3,3,4.666666667,29.9,28.13333333
4274020677,36,2,1,1,2,4,3,4,4,2,2,3,4,5,3,3,3,2,2,2,6,6,5,6,4,5,4,4,4,5,5,3,2,3,5,3,30,2,1,2,1,5,2,2,2,2,3,3,4,3,3,2,4,3,2,1,2,1,4,6,4,5,3,2,3,3,3,4,4,2,3,3,5,3,8.416666667,18.54761905,15.60714286
4295140728,25,2,1,2,5,5,5,4,1,3,2,2,4,4,4,4,5,4,4,5,5,5,5,4,4,5,4,4,4,5,4,5,3,2,5,2,30,2,1,1,1,5,4,4,4,4,1,5,2,1,5,4,2,3,5,5,4,5,4,5,5,5,4,4,4,2,3,4,4,4,2,1,3,1,3.333333333,24.38333333,18.28571429
4315659931,57,2,1,1,2,4,2,3,2,2,2,2,3,2,2,3,5,5,5,5,5,5,5,5,2,3,2,2,3,4,3,3,1,2,4,2,57,2,1,2,1,5,3,3,3,3,3,2,2,2,3,3,3,3,5,5,5,4,5,5,5,5,3,3,2,3,4,4,3,3,2,3,2,3,24.33333333,24.8,26.94047619
4359496508,33,2,1,1,4,5,3,3,2,3,2,3,6,6,5,5,6,5,5,6,5,5,6,6,6,4,5,6,3,4,4,5,3,2,1,2,32,2,1,2,1,5,3,3,4,4,1,3,2,1,6,5,5,6,6,6,6,6,5,5,5,5,4,4,4,4,4,4,4,4,2,1,2,1,9.666666667,30.61666667,28.79047619
4422303051,28,2,1,1,4,4,4,4,3,3,3,4,5,5,4,5,5,5,5,5,6,6,6,5,4,5,4,5,5,6,5,2,1,2,1,4,27,2,1,2,1,5,4,3,3,2,2,1,2,1,5,4,4,4,4,4,4,4,6,5,5,4,4,4,3,2,2,4,4,3,1,1,2,1,4.916666667,26.1,29.90714286
4446140972,29,2,1,1,3,4,2,4,1,1,1,1,6,6,5,4,6,6,6,5,6,5,5,4,4,5,5,4,5,4,4,5,3,1,1,1,40,2,1,2,1,5,4,4,4,4,1,1,1,1,2,1,1,2,5,5,4,5,6,6,6,6,2,2,2,2,3,3,4,1,1,1,1,1,5.583333333,30.75,32.08333333
4504401967,67,2,1,1,4,4,4,4,4,4,4,4,5,5,4,5,3,3,3,4,4,4,3,4,4,4,4,3,3,3,4,4,3,2,2,3,64,2,1,2,1,5,4,4,4,4,2,2,4,3,2,2,2,3,3,3,3,3,4,4,4,4,4,4,4,4,4,4,4,4,2,2,2,2,48,23.89285714,23.11904762
4510767720,56,2,1,2,6,6,6,6,1,2,3,1,4,6,3,4,3,3,3,4,5,4,4,4,5,5,6,5,4,5,5,2,2,2,4,1,60,2,1,1,1,5,4,4,2,4,2,2,2,1,2,2,2,5,2,2,2,2,4,2,2,4,5,4,4,4,2,2,2,2,2,1,2,2,15.58333333,26.04761905,16.83333333
4519451061,59,2,1,1,3,2,3,3,3,3,3,2,5,4,3,4,5,6,5,4,5,5,5,5,4,4,4,3,4,4,3,4,3,2,2,2,36,2,1,2,1,5,4,4,4,4,1,3,2,2,4,4,2,3,6,6,4,4,5,6,6,5,3,3,3,3,4,4,4,4,3,1,3,2,16.58333333,24.88333333,23.93809524
4551355598,35,2,1,1,4,4,5,4,2,2,2,2,4,5,5,5,4,4,4,4,5,5,5,4,6,5,5,5,4,4,4,4,4,3,1,3,30,2,1,2,1,5,2,4,4,3,2,2,2,2,5,4,4,5,5,5,5,6,6,6,6,6,4,4,3,3,2,4,2,2,2,2,1,2,4.666666667,32.11666667,24.85238095
4571702925,29,2,1,1,6,6,6,6,6,6,6,6,6,6,6,6,6,6,6,5,6,4,6,6,6,6,6,6,2,6,6,6,6,6,6,6,25,2,1,2,1,3,5,6,5,6,6,5,5,5,6,6,6,5,6,5,6,6,6,6,6,5,5,6,5,6,5,6,6,5,6,5,6,4,7.583333333,30.91666667,32.41666667
4636196061,58,2,1,1,5,5,6,5,2,2,5,2,6,5,6,5,6,6,6,6,6,6,6,6,6,5,5,2,6,6,5,5,2,5,2,6,45,2,1,2,1,5,6,5,5,5,6,5,6,4,6,6,6,6,6,6,6,6,6,6,6,6,6,5,5,5,6,6,6,5,5,2,5,6,26.75,30.75,21.83809524
4641739030,52,5,1,1,5,5,4,5,5,3,3,5,4,5,4,4,5,6,5,6,5,6,4,5,5,5,4,5,4,5,5,5,3,3,3,2,56,2,1,2,1,5,1,2,1,3,1,1,1,1,5,5,4,4,4,2,4,4,6,6,6,5,4,5,5,1,5,4,4,4,1,1,1,1,2.166666667,25.76428571,24.96904762
4643046042,36,2,1,1,4,3,5,3,2,3,4,1,2,2,2,2,4,4,5,4,5,5,5,4,3,5,3,4,5,3,4,5,3,2,3,4,35,2,1,2,1,5,4,4,5,4,2,3,2,3,4,4,4,4,6,6,6,5,6,5,6,6,5,5,4,5,4,4,3,4,2,2,2,4,14.41666667,29.36666667,18.31666667
4691621162,52,2,1,2,1,1,1,1,1,1,1,1,5,5,2,5,3,4,1,5,6,6,6,4,2,1,1,1,2,2,2,1,1,1,1,1,49,2,1,1,1,5,5,4,4,4,2,2,2,2,5,4,4,4,4,5,5,5,6,5,5,4,4,4,3,5,3,5,3,4,2,2,2,2,24.58333333,31.91666667,31.27380952
4726876541,31,2,1,1,4,5,4,4,4,5,4,4,3,3,4,4,5,5,4,4,5,5,5,5,4,4,4,4,4,4,4,4,4,4,4,4,26,2,1,2,1,5,5,4,4,4,4,5,5,4,4,4,4,5,4,4,4,4,5,5,5,5,5,5,5,5,5,5,5,4,5,4,4,4,3.833333333,28.48809524,25.15952381
4737709414,36,2,1,2,4,4,4,4,4,4,4,4,4,4,4,4,4,4,4,3,4,4,4,4,3,4,3,4,4,4,4,3,2,1,2,2,38,2,1,1,1,5,1,1,1,4,1,1,1,1,4,1,1,1,5,5,5,5,5,5,5,5,1,1,1,1,1,1,5,1,1,1,1,1,10,24.21666667,22.83095238
4746029708,30,2,1,1,3,5,4,5,2,2,2,3,6,1,5,3,5,6,5,6,6,5,6,2,4,5,5,4,2,5,5,2,5,4,6,5,30,2,1,2,1,5,5,5,4,5,5,5,5,5,5,6,5,6,6,6,5,6,6,5,5,6,5,5,5,5,6,6,6,6,5,6,6,4,4.583333333,26.17142857,32.33333333
4798529243,25,2,1,2,5,4,5,4,1,1,1,1,4,4,4,4,6,6,6,6,6,6,6,6,4,6,4,5,4,4,4,4,1,1,1,1,26,2,1,1,1,5,5,5,5,5,1,1,1,1,4,4,4,4,6,6,6,6,6,6,6,6,4,5,4,4,4,5,5,4,1,1,1,1,8.083333333,31,30.15238095
4864637228,32,2,1,1,3,3,2,2,4,3,4,3,6,6,6,6,4,4,3,4,6,5,5,6,2,2,3,3,5,6,5,5,1,1,2,1,33,2,1,2,1,5,3,3,4,3,2,2,2,1,6,6,6,6,3,3,3,3,6,6,5,6,2,2,3,4,5,5,1,4,1,1,1,1,4.916666667,21.67142857,16.44761905
4886750736,41,2,1,1,5,5,5,5,3,4,2,5,6,5,3,6,5,5,5,6,5,5,5,5,5,6,5,4,4,5,5,5,5,3,6,4,28,2,1,2,1,5,4,5,5,5,5,5,5,5,4,5,5,5,4,5,5,5,4,5,5,5,4,5,5,4,5,4,5,5,5,4,5,5,12.58333333,27.80952381,26.11904762
4916072115,29,2,1,1,6,6,6,6,6,6,6,6,6,6,6,6,6,6,6,6,6,6,6,6,6,5,6,6,6,6,6,6,6,6,6,6,25,2,4,2,1,5,5,6,4,6,5,5,6,6,6,6,6,6,6,6,6,6,6,6,6,5,6,6,5,6,5,6,6,6,6,6,6,5,8.666666667,31,32.41666667
4968260222,38,2,1,2,2,4,2,3,3,3,5,3,4,3,3,3,5,5,5,5,5,4,5,5,3,4,3,4,3,6,5,3,2,3,2,3,42,2,4,1,1,5,2,2,2,4,5,5,5,5,2,1,2,1,4,4,3,2,2,2,2,2,2,3,4,5,3,3,4,4,5,3,2,5,16.58333333,25.26428571,31.33333333
4970452398,54,2,1,1,4,4,4,4,4,4,4,4,4,4,4,5,4,4,4,4,5,4,4,4,4,4,4,5,4,4,4,4,4,4,4,4,45,2,1,2,1,5,4,2,3,3,2,3,4,2,2,3,3,3,4,3,3,3,3,3,2,4,3,2,3,3,3,2,3,2,3,2,4,4,18.33333333,5.25,16.62380952
5032542453,30,2,1,1,6,5,5,5,1,4,3,2,6,6,5,6,6,5,6,6,1,5,6,1,5,6,6,5,4,4,4,6,2,1,1,1,31,2,1,2,1,5,5,4,5,5,1,3,2,1,6,6,5,6,5,5,5,6,5,6,6,6,5,4,4,4,3,3,6,4,1,1,1,1,9.666666667,30.7,29.8
5062014170,38,2,1,1,4,6,6,5,4,3,4,3,6,6,6,6,6,5,6,5,5,5,5,6,4,5,6,3,6,6,6,6,5,1,1,5,33,2,1,2,1,5,4,4,4,3,4,5,5,4,5,4,5,5,4,3,4,4,3,4,5,5,4,4,4,5,4,5,4,4,4,1,3,2,11.75,29.76666667,29.91666667
5120393126,30,2,1,2,4,4,4,5,1,4,1,1,5,5,5,5,4,3,4,5,5,4,5,4,4,4,4,4,6,5,4,5,1,1,1,1,43,2,1,1,1,5,5,4,4,4,3,3,3,3,5,5,4,5,5,5,5,5,5,4,4,4,4,4,4,3,4,5,6,4,2,2,3,2,9.833333333,25.68333333,18.68095238
5126411941,35,2,1,1,3,3,3,3,2,2,2,3,5,5,5,4,6,5,5,6,5,5,4,4,4,4,5,4,5,3,5,3,2,2,1,4,30,2,1,2,1,5,3,4,4,4,3,3,3,3,4,5,4,5,6,6,6,6,5,6,6,5,5,4,4,4,4,4,4,5,3,3,1,3,10.91666667,27.95952381,32.4
5142272472,28,2,1,1,5,5,5,5,5,5,5,5,4,5,6,5,6,6,6,6,6,6,6,6,5,5,5,5,5,5,5,5,4,3,4,3,30,2,1,2,1,5,4,4,4,4,4,4,5,4,4,4,5,4,5,5,5,5,5,5,5,5,4,5,4,4,5,4,5,5,3,3,4,3,3.75,25.43809524,29.47142857
5155646980,30,2,1,2,4,4,2,4,1,1,4,1,6,6,4,5,6,6,6,6,5,5,5,5,4,4,4,4,4,5,4,4,2,1,3,1,31,1,1,1,1,5,5,4,4,4,2,3,4,1,5,5,5,5,6,6,6,6,6,6,5,5,4,5,5,5,4,5,5,4,2,1,4,2,12.25,28.4547619,30.38809524
5168621848,29,2,1,2,6,5,5,5,4,4,3,2,6,6,6,6,6,6,6,6,6,6,6,6,4,5,4,4,5,6,4,5,1,1,1,1,25,2,1,1,1,5,6,6,6,6,1,1,1,1,6,6,6,6,6,6,6,6,6,6,6,6,5,5,5,6,4,5,4,5,1,1,1,1,3.75,31.4,32.55
5200869351,36,2,1,2,5,6,5,6,5,4,5,3,4,4,2,3,5,6,5,3,6,5,5,5,2,4,3,4,4,5,3,4,2,1,2,2,36,2,1,1,1,5,3,3,3,3,3,3,4,4,3,3,3,3,3,3,3,3,4,4,2,4,3,4,2,3,2,4,4,4,1,1,3,2,16,26.88095238,17.98095238
5232366904,37,2,1,1,5,5,5,5,5,5,6,4,5,5,6,5,5,5,5,5,5,6,5,5,5,5,5,4,4,5,5,5,3,5,4,5,34,2,1,2,1,5,4,4,4,4,3,4,4,3,4,4,4,4,5,5,5,5,5,4,5,5,5,4,4,3,5,4,4,5,3,4,5,3,13.41666667,29.03571429,27.76904762
5239046259,24,2,1,2,4,5,6,5,2,3,6,2,4,5,5,4,6,6,6,6,6,6,6,6,5,5,4,4,4,5,6,4,1,1,2,1,25,2,1,1,1,5,4,3,4,4,1,3,1,1,4,4,5,4,5,5,4,6,6,5,4,5,4,4,4,4,5,5,5,4,1,1,1,1,4.583333333,28.21666667,31.24047619
5277108146,36,2,1,1,4,3,4,4,1,2,2,2,3,3,4,5,6,6,6,5,6,6,6,6,6,6,4,5,4,5,4,3,1,1,1,1,37,2,1,2,1,5,3,3,2,4,1,2,4,2,3,3,2,3,1,3,2,3,4,4,4,5,3,2,3,3,4,4,3,3,4,1,5,1,16.08333333,18.97142857,12.35238095
5280221199,35,2,1,1,5,6,6,5,6,6,6,5,6,6,6,6,6,6,5,5,6,6,6,6,5,6,6,6,6,5,5,6,6,6,6,6,31,2,1,2,1,3,5,6,6,5,4,4,4,4,4,6,5,4,5,4,5,5,5,4,4,5,3,5,5,5,5,5,6,5,5,4,3,5,7,29.54047619,27.36666667
5312407799,36,2,1,2,4,4,4,5,2,3,2,2,5,5,4,5,5,4,5,5,6,6,6,5,4,5,4,4,5,5,4,5,2,2,4,3,31,2,1,1,1,5,2,2,3,5,2,2,2,2,3,4,4,4,5,3,2,5,5,4,3,5,5,5,2,2,4,3,4,4,2,2,2,3,1.333333333,19.58095238,27.32142857
5344174680,23,2,1,1,6,4,5,6,2,2,6,3,6,5,3,4,6,5,5,6,5,6,5,6,5,6,6,5,5,6,6,5,1,1,5,2,22,2,1,2,6,5,4,5,4,3,5,5,2,3,6,6,6,6,6,5,5,6,5,5,6,5,6,5,5,6,5,5,6,5,3,2,2,1,4.5,30.43333333,30.58809524
5357614118,43,2,1,1,4,4,4,5,3,4,3,3,5,5,5,5,5,4,5,4,5,5,4,5,4,4,4,4,5,4,5,3,4,4,3,3,30,2,1,2,1,5,4,4,5,3,3,3,4,4,5,5,5,5,5,5,4,4,4,4,5,4,4,4,4,4,4,4,5,4,3,1,4,1,3.833333333,25.94285714,27.3047619
5396562057,29,2,1,1,5,5,5,4,5,4,4,4,6,5,4,5,3,4,4,5,6,6,6,6,4,4,5,4,2,4,5,4,1,1,1,1,29,2,1,2,1,5,4,4,4,4,1,1,1,1,3,4,1,1,1,4,1,4,5,5,5,5,4,4,4,4,3,4,2,3,1,1,1,1,6.75,26.86904762,26.83095238
5437383502,28,2,1,1,5,5,5,5,1,1,1,1,4,4,4,4,6,6,6,6,6,6,5,6,6,6,5,5,4,4,5,5,6,1,1,1,26,2,1,2,1,5,3,2,2,4,1,2,2,2,4,6,4,4,5,5,4,4,4,5,4,5,6,6,4,5,5,4,4,4,1,1,1,1,8.916666667,31.03333333,31.68333333
5442047104,26,2,1,1,4,5,4,6,4,4,5,5,4,4,3,3,3,4,3,6,5,5,4,5,4,4,4,5,3,4,3,4,3,3,5,3,26,2,1,2,1,5,4,4,3,5,2,3,4,2,4,4,2,3,4,4,4,5,4,4,4,4,3,4,3,2,3,5,3,4,3,3,5,4,3.333333333,29.69047619,28.02142857
5452785353,34,2,1,1,5,4,5,4,3,3,4,4,4,5,5,4,4,4,5,4,5,5,4,5,4,4,4,3,4,4,4,4,3,4,3,3,35,2,1,2,1,5,4,4,4,5,4,4,5,5,4,4,4,4,4,4,4,6,4,4,4,4,3,5,3,4,5,4,4,4,3,3,3,3,8.75,29.04761905,26.19285714
5459802560,30,2,1,2,5,3,4,3,1,2,1,1,6,5,6,5,6,6,5,6,5,5,5,5,1,2,2,3,3,3,4,3,2,1,2,1,34,2,1,1,1,5,5,5,4,5,2,3,2,2,5,5,4,5,5,5,5,6,6,6,5,6,3,4,5,5,4,3,4,6,3,1,1,2,1.166666667,30.93333333,32.38333333
5502779200,34,2,1,2,5,4,4,5,2,4,4,4,3,3,3,4,5,6,5,4,5,5,5,5,4,4,4,4,4,5,5,4,1,1,3,1,45,2,1,1,1,5,6,4,5,4,4,4,5,2,2,4,4,5,5,5,4,4,5,4,5,5,2,3,3,3,4,4,3,4,2,1,4,2,13.33333333,27.61666667,24.24285714
5535052851,24,2,1,1,1,4,4,4,3,3,4,3,6,6,6,6,6,5,6,5,6,6,4,6,2,4,4,4,4,4,4,4,1,5,1,2,24,2,1,2,1,5,4,5,5,4,4,5,5,4,5,4,6,6,6,6,6,6,5,4,4,5,5,5,4,4,5,5,4,4,3,5,2,4,5.25,31.46666667,31.88333333
5563372580,26,2,1,2,5,5,6,5,5,6,5,5,5,5,5,5,6,6,6,6,6,6,6,6,5,5,5,4,5,6,5,5,3,3,3,3,31,2,1,1,1,5,1,1,1,1,1,1,1,1,1,4,1,4,4,4,4,1,1,1,4,1,1,1,1,1,1,1,1,1,1,1,1,1,6.5,18.07380952,26.69761905
5586496403,28,2,1,1,5,4,5,4,6,5,4,2,6,6,6,3,5,4,4,6,5,4,5,4,2,3,3,2,4,5,4,4,1,1,1,2,26,2,1,2,1,5,5,6,5,6,2,2,2,2,5,4,4,4,5,6,5,5,6,5,6,5,4,6,5,4,2,5,4,3,4,5,1,2,1.916666667,30.49047619,28.38095238
5592140120,34,2,1,2,4,3,3,4,2,2,2,2,3,4,3,3,4,4,4,4,5,5,5,5,2,4,3,3,4,4,4,4,2,2,2,2,34,2,1,1,1,5,5,5,6,4,1,3,3,1,1,1,1,1,5,5,4,5,5,5,5,5,5,5,4,5,4,5,5,4,1,1,1,1,10.41666667,29.81904762,25.35714286
5611594538,35,2,1,1,6,4,6,4,6,4,6,6,6,6,6,6,5,5,5,4,4,4,4,4,6,6,4,5,4,3,5,2,1,1,4,4,34,2,1,2,1,5,3,3,4,4,5,4,4,4,4,4,5,4,5,4,4,4,4,4,4,3,4,4,3,4,4,4,5,4,4,3,4,4,3.25,24.67619048,30.06190476
5629985827,22,2,1,1,5,4,4,4,2,4,3,1,4,2,1,4,6,5,6,5,6,5,6,5,1,5,1,1,1,1,1,3,1,1,1,1,22,1,1,2,1,5,6,4,5,5,1,2,2,2,3,1,1,5,4,4,4,4,5,5,3,5,4,1,3,4,3,4,2,4,1,2,1,1,1.083333333,24.14761905,25.8452381
5688667618,53,2,1,1,4,4,4,2,1,1,1,1,6,5,1,5,4,4,3,4,5,6,5,5,3,2,1,1,2,4,5,4,1,1,1,4,27,2,1,2,1,5,5,5,5,5,1,1,1,1,6,6,6,6,6,6,6,6,6,6,6,6,6,4,6,5,5,5,6,6,1,1,1,1,3,32.11428571,32.43333333
5689458967,28,2,1,2,4,6,5,4,3,4,3,3,5,5,5,5,4,5,5,5,5,4,6,5,5,5,4,5,6,3,5,5,4,6,3,5,30,2,1,1,1,5,2,6,6,5,1,1,2,1,1,1,1,1,4,4,4,4,3,2,3,2,3,3,2,4,3,4,4,2,1,1,2,1,2.333333333,21.96904762,19.98095238
5773611232,28,2,1,1,4,4,4,4,3,4,4,4,6,6,5,5,4,5,3,5,4,4,4,5,4,4,4,3,5,4,5,4,2,1,5,3,27,2,1,2,1,5,4,1,5,5,4,1,1,4,4,5,6,3,5,6,4,1,4,5,5,4,4,4,1,3,5,5,5,5,4,1,1,4,6.666666667,31.23333333,31.28333333
5779385885,27,2,1,2,4,3,4,4,3,2,4,3,2,3,3,3,4,2,4,4,2,4,4,4,2,3,3,2,3,2,3,4,3,3,3,3,28,2,1,1,1,5,4,4,4,3,4,4,4,4,4,4,4,3,3,4,4,4,4,3,4,4,4,4,4,4,4,3,4,4,4,4,4,3,5.583333333,22,22.23809524
5873504030,38,2,1,1,4,3,5,4,4,4,5,5,6,4,2,5,6,6,6,5,4,5,5,5,4,4,4,4,2,2,1,2,2,1,2,1,32,2,1,2,1,5,3,4,4,4,2,1,1,1,6,6,5,6,6,6,6,6,6,6,6,6,5,4,4,4,4,5,5,5,1,1,1,1,14.41666667,32.43333333,26.82857143
5917104209,40,2,1,1,6,5,5,5,5,4,2,5,3,4,2,2,6,6,5,4,5,6,5,5,4,5,5,1,3,5,3,2,1,2,1,1,39,2,1,2,1,5,2,4,5,2,1,1,5,2,1,1,1,1,4,4,2,2,5,5,5,5,4,1,1,1,2,4,1,4,1,2,1,1,18.83333333,22.17380952,27.8547619
5930446104,30,2,1,1,4,4,4,4,4,4,4,3,5,5,5,4,5,5,5,4,6,6,6,5,3,4,3,2,1,5,3,4,2,1,1,1,28,2,1,2,1,5,4,4,3,4,3,3,3,2,4,4,4,4,5,5,5,5,5,5,5,5,4,4,4,4,4,4,4,4,2,2,2,2,0.75,31.41666667,27.67619048
5938601706,24,2,1,1,6,5,5,5,2,2,4,2,5,5,6,6,6,6,6,6,4,5,6,6,6,6,6,5,6,6,6,6,2,1,5,4,21,2,1,2,1,5,5,5,6,4,2,5,5,5,6,5,6,6,6,6,5,5,5,5,5,6,5,6,6,5,4,5,5,5,1,1,1,1,4.166666667,31.35,31.98333333
5952304382,29,2,1,1,6,6,5,6,4,5,6,4,5,5,5,6,4,5,3,4,6,6,6,6,5,6,5,6,4,5,5,5,1,1,5,5,26,2,1,2,1,5,5,5,5,5,5,6,4,4,5,4,3,4,5,5,5,5,5,5,4,5,3,4,4,3,2,4,4,5,2,2,1,1,1.583333333,27.0547619,14.16666667
5952930446,41,2,1,1,5,5,5,5,2,4,4,4,4,2,1,2,5,5,5,5,5,5,5,5,5,4,4,4,4,5,2,5,1,1,1,1,32,2,1,2,1,5,6,6,5,5,2,2,2,2,1,2,2,2,5,5,5,6,6,6,6,6,4,5,4,4,2,5,2,2,1,1,1,1,8.666666667,29.85714286,27.73095238
5969292198,35,2,1,1,3,4,4,4,2,4,5,3,4,5,4,5,4,4,5,5,5,5,5,5,5,4,4,4,4,4,4,4,4,3,5,5,35,2,1,2,1,5,3,4,4,4,3,2,3,3,3,4,2,4,4,5,4,5,5,5,5,5,4,4,4,5,4,3,4,3,3,2,3,4,6,23.9,23.68809524
5974331603,31,2,1,2,4,2,3,5,2,5,4,2,5,4,2,3,5,5,5,5,5,4,5,6,4,6,6,3,2,5,5,3,4,2,3,2,31,2,1,1,1,5,2,4,2,4,3,5,3,2,4,3,3,2,2,3,3,4,4,3,4,3,5,3,2,2,3,2,4,4,4,3,4,3,5.333333333,21.15,20.07619048
6009833750,40,2,1,2,5,5,5,4,4,4,5,5,5,5,4,4,5,4,4,4,5,5,5,4,4,4,4,4,5,5,5,4,1,2,5,2,45,2,1,1,1,5,4,4,4,4,4,4,4,3,4,4,4,3,4,3,3,4,4,5,4,4,4,4,4,4,4,4,4,4,3,3,4,4,15.41666667,22.8547619,23.51904762
6009878205,47,2,1,2,4,4,5,5,1,5,3,2,5,6,5,5,6,6,6,6,4,5,4,4,4,5,2,4,5,4,6,4,2,1,2,2,31,2,1,1,1,5,5,6,5,6,3,5,6,6,6,4,5,5,6,6,6,6,5,5,5,6,6,4,6,5,6,6,6,6,4,4,4,2,2.083333333,31.56666667,23.18095238
6015911574,31,2,1,1,4,5,4,4,3,3,2,2,5,5,5,5,5,5,5,6,6,6,6,6,3,4,4,5,6,5,4,3,3,3,1,2,35,2,1,2,1,5,3,4,4,3,2,4,2,1,4,4,4,4,5,6,4,6,5,6,6,6,5,4,5,4,5,5,2,4,1,2,1,2,5.333333333,31.3,32.91666667
6020615405,28,2,1,2,5,5,4,5,3,4,5,2,3,4,3,3,3,5,3,4,5,4,5,4,5,3,3,3,2,5,3,3,3,3,3,3,33,2,1,1,1,5,4,5,4,4,1,3,5,1,4,3,1,1,5,6,1,5,6,3,5,4,1,3,1,1,1,5,4,1,1,1,4,3,4.583333333,29.5,27.22619048
6033123261,31,2,1,2,5,5,4,4,3,1,4,1,5,4,4,4,6,6,5,5,6,5,6,6,5,5,5,5,5,5,5,5,3,1,2,3,30,2,1,1,1,5,4,4,5,4,1,3,2,1,4,4,4,4,6,6,6,6,5,5,6,5,4,4,4,4,4,5,4,4,2,3,1,3,5.333333333,30.8,31.21666667
6062360805,22,2,1,1,5,5,5,5,5,4,4,4,4,4,5,5,5,5,5,5,5,5,5,5,4,4,4,4,4,3,3,3,3,2,2,1,21,2,1,2,1,5,5,5,6,6,1,3,4,2,6,2,6,5,6,6,6,6,6,6,6,5,3,5,3,3,5,4,3,4,1,1,2,1,4.166666667,30.02380952,29.12380952
6066865674,32,2,1,2,2,5,5,6,1,2,2,1,3,5,4,5,6,6,5,6,5,6,6,6,4,4,3,4,4,5,5,3,1,1,1,1,31,2,1,1,1,5,3,4,4,4,4,4,4,3,4,4,1,3,3,4,4,5,4,4,4,4,3,4,3,3,4,4,3,4,3,3,5,1,3.166666667,24.35238095,27.91190476
6085220757,26,2,1,2,4,4,4,4,4,4,5,5,4,4,5,4,4,4,5,4,5,4,4,5,4,4,4,4,4,5,4,5,4,4,4,4,33,2,1,1,1,5,4,5,4,5,4,4,4,4,5,3,5,4,5,5,5,4,4,4,5,5,5,5,5,5,4,4,5,5,5,5,2,3,10.16666667,24.64047619,26.68333333
6105322957,54,2,1,2,4,4,5,5,5,2,3,3,1,1,1,4,3,3,5,3,4,5,6,5,3,4,4,3,3,5,5,3,1,1,2,2,54,2,1,1,1,5,3,4,3,2,1,1,1,1,1,2,1,3,2,3,3,5,5,4,4,3,4,4,1,3,1,2,2,1,1,1,1,1,30.66666667,27.44047619,29.87857143
6121506637,32,2,1,1,5,4,4,4,2,2,2,1,3,3,4,4,5,6,6,4,5,5,6,5,3,4,3,3,2,3,2,4,1,1,1,2,32,2,1,2,1,5,5,6,5,6,1,1,1,1,2,2,2,2,4,2,2,5,6,5,6,5,2,5,1,2,5,5,2,5,1,1,1,1,13.66666667,30.8952381,26.42142857
6136086947,42,2,1,2,4,2,4,4,2,3,2,2,4,4,4,4,5,5,4,5,4,5,4,5,2,4,4,4,4,4,4,4,2,2,2,2,46,2,1,1,6,5,4,3,3,3,3,3,3,3,3,3,3,3,3,3,3,3,3,3,4,3,4,3,3,3,4,4,3,3,4,3,4,3,12.41666667,22.37142857,26.68333333
6143702287,35,2,1,1,6,6,5,6,5,5,5,4,4,5,3,5,6,6,6,6,6,6,6,6,6,6,6,4,3,3,4,5,4,5,5,4,32,2,1,2,1,5,5,4,5,4,5,5,5,5,6,5,6,6,5,5,5,5,4,4,4,4,4,4,4,5,5,4,5,5,4,2,5,5,13.5,27.08333333,29.2
6167241123,52,2,1,1,5,4,5,5,4,3,3,3,6,5,4,4,6,6,6,6,6,6,6,6,6,4,4,6,4,5,6,3,3,2,4,2,56,2,1,2,1,5,5,5,5,5,6,5,6,6,6,6,6,6,6,5,5,6,5,5,5,5,5,5,5,6,5,5,4,5,5,3,4,3,17,21.73095238,13.72857143
6201912820,21,2,1,2,5,5,5,5,2,3,3,1,5,5,5,5,6,6,5,6,6,6,5,6,5,6,5,4,4,5,5,5,3,4,2,4,22,2,1,1,1,5,4,4,4,4,1,2,2,1,5,6,5,5,5,5,5,4,5,6,6,6,6,6,6,4,4,5,4,4,2,2,1,1,2.5,31.45,30.9
6210648754,31,2,1,2,5,4,5,5,3,5,5,5,4,4,2,4,6,6,5,5,5,6,5,3,5,5,5,4,5,6,5,6,5,5,5,6,34,2,1,1,1,5,5,3,5,5,4,5,2,4,4,4,2,5,5,5,6,6,6,4,6,4,6,5,5,5,4,5,2,5,6,6,6,4,6.666666667,29.76190476,29.47142857
6216137148,30,2,1,2,6,5,6,6,1,3,5,1,6,5,5,5,6,6,5,6,6,6,6,6,4,5,3,5,4,5,4,4,1,1,1,1,38,2,1,1,1,5,6,4,4,5,3,5,4,1,6,5,6,6,6,6,6,6,6,6,6,6,6,6,4,5,5,6,4,4,1,4,1,3,8.25,30.05,25.92857143
6218947826,36,2,1,2,4,3,4,4,3,2,2,3,4,4,4,4,6,6,6,5,6,6,6,6,3,3,2,4,4,4,4,4,2,1,2,2,35,2,1,1,1,5,5,6,6,4,2,4,3,3,4,5,4,4,6,4,5,5,6,6,5,6,3,4,3,4,5,5,5,5,2,2,2,2,16.16666667,29.25714286,26.5952381
6252044931,35,2,1,1,4,5,4,4,4,5,5,5,4,4,4,5,4,4,4,4,5,6,5,4,4,4,4,5,4,6,5,4,4,4,3,4,30,2,1,2,1,5,5,4,4,4,6,4,6,6,4,4,4,3,4,4,4,4,6,5,5,5,3,3,2,3,4,4,4,6,3,1,4,4,3.75,22.59761905,26.61666667
6317640905,43,2,1,1,4,4,6,5,2,4,4,5,5,5,5,5,6,6,6,6,6,5,6,6,6,4,5,5,6,5,6,6,1,1,1,2,41,2,1,2,1,5,5,4,4,4,2,4,3,2,5,5,5,5,5,5,5,5,5,5,5,5,5,5,5,5,4,5,5,5,2,2,2,2,21.5,32.6,28.5
6382881709,30,2,1,1,4,2,2,4,1,3,2,1,3,5,2,2,5,5,3,5,5,4,5,6,4,4,4,5,2,3,1,4,1,1,1,1,27,2,1,2,1,5,2,3,4,2,3,4,3,3,4,4,4,4,4,4,3,4,4,3,3,2,3,3,2,1,3,2,3,2,2,1,2,1,9,26.31428571,24.89285714
6385842112,73,2,1,1,6,6,5,6,4,4,1,4,5,5,2,1,5,5,5,5,5,5,4,1,4,5,4,4,4,6,5,5,2,1,2,1,51,2,1,2,1,5,2,5,3,2,2,2,2,1,5,5,5,4,4,5,3,6,6,6,5,5,5,5,5,2,6,5,6,2,1,1,1,1,20.91666667,29.46904762,28.88333333
6403999901,45,2,1,1,5,4,5,5,5,5,5,5,6,6,5,5,5,5,5,5,6,6,6,5,5,5,5,5,5,5,4,5,4,3,5,4,33,2,1,2,1,5,5,3,4,4,2,2,2,2,4,4,4,4,4,5,5,5,5,5,5,5,5,5,4,4,4,5,4,5,2,2,2,2,9,25.6,31.1
6404160499,37,2,1,2,3,4,4,5,2,4,4,2,5,5,4,5,4,5,4,4,5,4,4,5,3,5,4,3,4,5,5,4,3,5,2,2,40,2,1,1,1,5,4,4,4,4,4,4,4,4,5,5,5,5,5,6,5,6,5,5,5,5,2,4,3,2,5,4,5,4,2,2,1,2,22,32.18333333,29.91666667
6422855394,33,2,1,1,5,4,5,6,5,4,5,5,6,5,6,6,6,6,6,6,6,5,6,6,5,6,5,5,5,4,4,3,4,5,5,4,28,2,1,2,1,5,3,5,4,6,4,4,4,4,6,5,6,6,6,6,6,6,6,5,5,4,3,3,4,4,5,4,5,4,5,4,4,4,8.666666667,27.49047619,27.96904762
6463878204,53,2,1,1,5,5,5,4,2,2,2,2,4,4,3,4,5,4,5,4,5,5,5,5,2,3,3,2,4,3,4,3,1,2,2,2,50,2,1,2,1,5,5,5,5,5,1,1,3,1,5,5,5,5,6,5,5,5,5,6,6,5,4,5,5,5,4,5,4,4,1,1,1,2,10,32.6,28.65714286
6509055466,35,2,1,2,5,5,5,5,1,1,1,1,6,6,6,6,6,6,6,6,6,6,6,6,6,6,6,6,4,4,5,6,1,1,1,1,37,2,1,1,1,5,6,6,6,6,1,4,1,1,6,6,6,6,6,6,6,6,6,6,6,6,6,6,6,6,6,6,5,6,4,1,1,1,15.58333333,32.55,30.25
6509881481,32,2,1,2,5,4,4,4,1,1,1,1,4,3,2,4,5,5,5,5,5,6,6,6,3,4,3,4,4,4,2,3,1,1,1,1,38,2,1,1,1,5,5,5,4,5,2,4,2,2,1,1,1,4,6,6,6,6,5,5,5,5,4,5,5,4,4,5,4,4,2,2,2,2,4,28.4952381,32.03333333
6534018019,40,2,1,1,1,2,1,1,1,1,1,1,5,4,4,4,6,6,6,6,5,5,5,5,4,4,4,4,4,4,1,1,1,1,1,1,36,2,1,2,1,5,3,4,2,1,1,4,1,1,5,4,4,4,6,6,6,6,6,6,6,6,4,4,5,5,2,2,3,2,1,1,1,1,2.916666667,29.48095238,31.8
6544633567,59,2,1,2,6,5,5,5,6,6,6,5,5,6,5,6,4,4,4,5,6,6,6,6,6,4,5,5,5,5,5,6,5,4,6,5,59,2,1,1,1,5,5,5,5,5,5,5,5,5,5,5,4,4,5,5,5,5,5,5,5,5,5,5,4,4,5,5,5,5,4,5,5,3,43,28,27.52380952
6555445444,30,2,1,2,5,5,5,5,5,5,5,5,5,5,5,5,5,5,5,5,6,5,5,5,5,5,5,5,5,5,5,5,4,5,5,4,29,2,1,1,1,5,4,4,5,4,3,5,4,3,4,4,4,4,5,5,4,4,5,5,5,5,4,3,3,4,4,4,4,4,3,2,2,2,6.333333333,23.65714286,22.91428571
6583316909,36,2,1,1,4,4,4,4,5,5,5,2,5,5,5,4,5,5,5,5,5,5,6,4,5,6,6,4,4,5,5,4,4,3,3,4,34,2,1,2,1,5,6,6,6,6,5,5,6,5,4,6,3,6,5,4,5,6,6,6,6,6,5,6,6,5,6,6,6,6,6,6,6,6,4,31.81666667,31.41666667
6625546949,33,2,1,2,6,4,5,5,2,5,4,4,5,6,6,6,6,6,6,6,6,6,6,6,4,6,4,6,6,4,6,6,1,1,1,1,27,2,1,1,1,5,4,4,4,4,1,5,3,2,5,6,5,5,6,6,6,6,6,5,4,5,4,3,4,4,4,4,5,4,1,1,3,1,0.583333333,23.4952381,27.95952381
6643327476,33,2,1,2,4,5,4,5,5,5,3,3,4,4,4,3,4,5,4,4,6,5,6,6,5,5,4,5,4,4,3,5,2,2,2,2,36,2,1,1,1,5,3,5,2,2,5,5,5,4,2,2,3,2,5,6,2,6,5,6,5,6,2,2,1,2,5,5,4,5,1,1,2,4,10,21.88571429,25.49047619
6645152935,55,2,1,2,4,4,5,3,5,4,4,4,3,2,2,4,4,4,4,5,5,4,5,5,4,4,3,4,3,3,2,5,2,4,3,2,65,2,1,1,1,5,6,5,4,6,2,5,3,4,3,4,3,4,6,6,6,6,6,6,6,5,6,6,6,6,5,6,5,4,4,4,2,5,35.16666667,29.85,11.95952381
6649506588,49,2,1,1,4,4,4,4,4,4,5,4,4,4,4,4,4,4,4,4,5,5,4,4,5,4,4,4,4,4,4,4,4,4,4,4,49,2,1,2,1,5,4,4,3,5,3,4,3,3,6,6,6,6,4,4,4,6,4,5,5,5,5,5,5,5,5,5,5,6,2,2,2,2,19.16666667,30.98333333,29.58333333
6650798649,35,2,1,1,6,6,6,6,1,1,1,2,4,6,5,5,6,6,6,6,6,5,5,5,3,5,2,3,4,4,4,3,1,1,1,2,37,2,1,2,1,5,5,5,3,4,2,3,2,2,6,6,6,6,6,5,5,6,4,4,4,4,4,4,2,3,4,4,3,4,1,1,2,2,13.41666667,30.27142857,29.33333333
6662469251,29,2,1,2,5,3,4,4,4,4,3,2,6,6,6,6,6,6,6,6,6,6,6,6,5,6,5,5,5,5,6,3,4,5,2,4,25,2,1,1,1,5,6,5,5,5,6,5,5,6,5,6,5,6,6,5,5,6,6,6,6,6,5,5,6,6,6,5,6,5,5,3,6,6,3.916666667,31.46666667,31.21666667
6664977350,29,2,1,1,5,6,6,5,5,6,6,5,6,6,6,6,6,5,6,6,5,5,6,5,6,6,5,6,6,6,6,5,3,5,6,5,30,2,1,2,1,3,6,6,6,6,5,6,6,5,6,6,6,6,6,6,6,6,6,6,6,6,6,6,6,6,6,6,6,6,5,5,4,6,10.83333333,26.61666667,24.17142857
6707147734,63,2,1,2,4,4,4,4,4,4,4,4,3,3,3,4,4,4,4,4,4,4,4,4,4,4,4,4,4,4,4,4,3,3,4,3,68,2,1,1,1,5,3,3,3,4,3,3,3,4,4,3,2,3,3,3,2,3,3,3,3,3,3,4,3,3,4,3,4,4,3,3,4,2,8.083333333,18.27380952,28.70238095
6711024219,27,2,1,2,4,4,4,3,1,1,1,1,4,4,5,4,6,6,6,5,5,5,5,5,4,4,3,3,4,4,2,3,1,1,1,1,27,2,1,1,1,5,4,4,4,4,1,3,1,1,4,4,5,5,5,6,5,6,5,5,5,6,4,5,4,4,5,4,3,4,1,1,1,2,2.583333333,31.93333333,30.63809524
6723727627,26,2,1,2,5,4,5,4,4,5,5,4,6,5,6,5,6,6,6,6,6,6,6,5,5,6,5,5,3,5,5,4,4,5,4,4,25,2,1,1,1,5,5,5,5,4,3,5,5,3,6,6,6,5,5,6,5,6,5,6,5,5,5,5,5,4,5,5,5,5,4,4,5,4,6.166666667,32.16666667,32.00714286
6790103548,39,2,1,1,4,5,5,5,4,4,4,5,5,5,4,3,6,5,6,4,5,5,5,5,5,4,5,5,5,5,5,5,6,5,5,4,37,2,1,2,1,5,4,5,5,6,4,6,4,4,6,5,5,4,6,6,6,6,5,5,5,4,4,5,4,5,5,6,6,6,6,5,5,5,7.5,30.30714286,30.19761905
6832827650,31,2,1,1,6,4,5,5,4,3,3,3,3,3,3,3,4,4,5,4,5,4,4,4,5,4,6,5,5,5,4,5,3,3,3,4,32,2,1,2,1,5,4,3,6,4,5,5,5,5,4,5,5,5,4,3,4,4,4,4,5,4,3,2,4,4,3,3,5,5,5,2,3,4,10.91666667,28.1452381,23.77857143
6869859550,40,2,1,2,4,4,5,3,3,3,2,2,5,3,4,4,6,5,6,4,5,5,4,5,5,5,5,5,4,4,4,5,2,2,2,2,39,2,1,1,1,5,2,1,3,3,2,2,2,1,2,3,2,4,4,3,4,2,3,3,2,2,4,1,2,5,5,2,2,5,3,3,5,4,2.666666667,19.32857143,21.45
6877206152,46,2,1,2,4,3,3,5,3,3,2,3,5,6,2,3,5,5,5,5,5,5,5,6,4,5,3,3,3,5,5,4,1,2,1,3,43,2,1,1,1,5,4,4,4,4,3,6,1,2,6,6,4,6,5,6,5,6,5,5,5,5,6,4,4,4,4,4,6,5,1,1,1,1,20.33333333,29.57857143,26.61666667
6958488900,41,2,1,1,4,4,5,4,5,5,5,4,4,4,4,4,3,3,3,3,4,4,5,4,5,5,3,5,4,4,4,3,3,1,5,4,36,2,1,2,1,5,4,3,3,4,1,2,2,2,5,5,6,5,5,6,5,6,4,4,5,5,4,4,4,2,5,3,4,3,1,1,2,4,19,28.18095238,24.53095238
6986741607,22,2,1,1,4,4,5,5,3,3,3,6,6,5,5,5,6,6,6,6,5,6,6,5,4,5,3,4,4,4,6,5,1,1,1,1,21,2,1,2,1,5,3,3,4,4,2,3,3,2,4,4,5,4,5,6,6,6,6,6,6,6,3,4,3,2,4,5,5,3,2,1,1,1,2.75,29.32619048,31.28333333
7011110759,37,2,1,2,4,4,3,4,2,2,3,3,2,2,4,4,3,4,4,4,4,2,4,4,3,2,2,4,4,3,3,4,2,4,4,3,38,2,1,1,1,5,3,4,4,4,1,3,3,2,4,2,4,3,3,3,4,3,4,3,3,3,4,3,3,3,2,3,4,4,3,3,3,3,13.91666667,17.61904762,29.14761905
7014007400,41,2,1,1,6,5,6,6,1,4,2,1,5,5,1,4,5,4,4,4,6,6,5,5,5,5,4,3,2,4,5,5,5,6,1,4,21,2,1,2,1,5,4,2,5,5,1,3,4,1,2,2,1,2,2,1,3,4,5,4,5,5,1,2,1,2,2,4,4,1,2,5,4,5,15.83333333,28.39047619,32.38333333
7036690262,64,2,1,2,4,2,3,4,1,2,3,5,5,5,5,5,6,6,6,6,5,5,5,6,5,6,5,5,5,5,5,1,1,1,1,1,60,2,1,1,1,5,2,2,2,2,2,3,2,2,2,2,2,2,5,5,5,4,2,4,4,4,2,3,2,2,4,3,4,2,1,1,2,1,17.08333333,18.60238095,29.91190476
7152671770,38,2,1,1,6,6,5,6,6,5,6,6,6,6,5,6,6,6,6,6,6,6,6,6,6,6,5,5,5,5,5,5,4,4,1,6,49,2,1,2,1,5,5,6,4,5,6,6,6,6,6,5,5,5,6,6,6,6,6,6,6,6,4,5,5,5,5,6,5,5,5,4,2,6,7,33,32.11666667
7167403515,42,2,1,1,2,2,3,2,1,1,1,1,1,2,1,1,6,6,5,5,5,5,6,5,3,6,4,3,2,3,2,4,3,1,1,5,43,2,1,2,1,5,2,5,3,3,2,2,4,3,2,5,2,4,5,5,5,5,5,5,5,5,5,5,2,3,2,4,4,5,2,3,2,3,1.75,27.06666667,24.97380952
7169892611,44,2,1,2,5,4,5,3,2,4,3,3,5,6,5,5,5,5,5,5,5,5,5,5,3,4,3,3,5,5,5,5,1,1,2,2,44,2,1,1,1,5,3,4,4,4,4,4,2,3,4,4,3,4,3,3,3,3,4,2,2,4,4,4,3,3,4,4,4,4,1,1,1,3,23.41666667,28.58095238,31.31428571
7172259408,36,2,1,2,5,5,5,5,1,1,1,1,4,4,1,1,5,6,6,6,6,6,6,6,1,5,1,1,4,5,3,5,1,1,3,1,35,2,1,1,1,5,5,6,5,6,1,4,3,3,3,4,2,3,6,6,6,6,6,5,6,6,5,5,4,5,6,5,4,6,5,4,6,5,6.333333333,28.83333333,20.12380952
7271292888,43,2,1,2,2,1,1,1,1,1,1,1,4,4,3,4,5,5,5,5,5,4,2,2,5,5,5,5,2,4,1,1,1,1,2,2,39,2,1,1,1,5,5,5,5,5,1,1,1,1,2,4,2,5,5,5,5,5,5,5,5,5,5,5,5,5,1,3,2,2,4,1,1,4,6.833333333,30.51666667,29.58333333
7284037429,27,2,1,1,4,5,4,3,3,2,3,3,5,5,4,5,6,6,6,6,6,5,5,5,5,6,4,3,4,5,4,4,3,2,1,2,27,2,1,2,1,3,2,2,3,2,2,3,2,1,1,2,2,2,5,6,6,5,4,4,4,3,4,4,3,2,4,5,4,5,2,1,3,2,5,23.93571429,31.58333333
7310020004,36,5,1,1,5,5,5,6,5,5,5,5,6,5,5,3,6,6,6,5,6,6,5,5,3,5,3,5,5,6,6,5,6,4,6,3,37,2,1,2,1,5,5,6,4,6,6,4,6,3,6,6,6,3,6,6,6,6,6,6,6,6,4,6,5,4,5,6,5,5,3,3,1,5,15.58333333,30.93095238,31.78095238
7322208761,25,2,1,1,4,4,5,5,1,1,1,1,6,6,6,6,5,6,5,6,6,6,6,5,4,4,6,6,6,4,5,4,1,1,1,2,25,2,1,2,1,5,4,4,4,4,2,3,4,2,3,3,5,4,4,4,5,5,6,6,6,6,4,4,4,4,2,4,3,4,1,1,1,2,2.25,30.51666667,30.47380952
7323405603,29,2,1,1,6,6,6,6,1,1,3,2,6,6,6,6,6,6,6,4,6,6,6,6,6,6,6,5,6,6,1,6,6,1,1,1,38,2,1,2,1,5,4,4,4,4,4,4,5,4,5,4,5,4,6,5,6,5,5,5,5,5,4,4,4,4,4,5,5,4,4,3,4,5,4.916666667,23.96428571,28.6547619
7417035409,42,2,1,1,3,4,4,3,2,4,3,3,6,4,6,6,6,5,6,6,6,5,6,6,4,3,4,3,5,5,4,5,5,3,5,4,32,2,1,2,6,5,4,6,5,4,3,6,4,4,6,6,6,6,6,6,6,6,4,4,4,4,4,4,4,4,6,4,4,5,6,5,4,4,13,30.43333333,27.79761905
7462317645,56,2,1,2,3,3,3,3,3,2,2,3,1,3,1,2,5,5,5,5,5,4,5,4,1,3,3,1,3,4,4,3,1,1,1,1,61,2,1,1,1,5,5,4,5,4,1,4,1,2,2,2,2,2,4,4,4,4,5,3,6,4,2,5,2,2,2,4,1,4,1,2,5,5,2.166666667,30.14761905,31.33333333
7471882413,31,2,1,2,5,4,4,5,2,4,3,2,5,4,4,6,6,5,5,5,5,5,5,4,6,5,4,5,4,4,4,4,1,1,1,2,31,2,1,1,1,5,5,5,5,6,2,4,3,2,4,6,4,5,5,5,6,6,5,6,5,5,6,4,5,5,5,5,5,5,1,3,2,2,11.75,32.71666667,31.36666667
7520082379,39,2,1,1,3,3,4,5,1,2,1,1,5,4,4,5,5,5,6,5,6,6,6,6,4,5,4,4,4,3,2,2,1,1,1,1,35,2,1,2,1,5,4,4,5,5,2,1,1,1,4,4,4,4,6,6,6,6,6,6,6,5,5,5,5,4,2,4,4,3,1,1,1,1,13.33333333,32,32
7537813650,39,2,1,2,4,4,4,4,2,4,3,2,5,5,4,4,6,6,5,5,4,5,5,5,4,4,4,4,4,4,5,5,1,1,2,2,46,2,1,1,1,5,2,3,2,3,2,1,2,2,1,1,1,1,1,2,2,3,4,2,4,2,3,3,3,3,2,3,4,4,1,1,1,1,10,20.78571429,29.68333333
7580044439,36,2,1,1,3,4,3,4,1,4,1,1,6,5,6,6,3,5,4,5,6,4,6,5,4,5,4,3,5,5,3,3,1,1,1,1,31,2,1,2,1,5,1,1,4,3,1,1,4,1,4,4,5,4,4,5,5,4,6,6,6,5,2,2,1,4,4,3,4,2,1,1,1,1,15.41666667,26.56904762,28.56666667
7616122832,29,2,1,2,4,4,4,3,2,2,2,2,5,5,5,5,5,5,5,4,5,5,5,5,4,4,2,2,5,5,5,4,2,2,2,2,29,2,1,1,1,5,4,6,6,6,6,3,3,3,6,5,6,6,6,6,6,5,6,6,6,5,6,5,5,5,3,3,5,4,2,2,2,2,5.333333333,29.05,28.02857143
7628877775,36,2,1,1,6,5,5,6,4,5,5,4,6,5,5,6,6,5,6,5,5,6,6,6,6,6,5,5,4,6,4,6,3,3,4,4,35,2,1,2,1,5,5,5,4,5,5,4,3,4,4,4,5,5,6,6,5,6,5,5,4,4,3,5,4,4,4,4,5,4,2,1,3,3,19.25,27.66904762,27.61904762
7661337823,44,2,1,2,5,1,1,6,1,1,1,5,4,4,2,4,6,5,6,6,6,6,5,5,4,5,5,3,4,5,2,1,2,1,1,2,47,2,1,1,1,5,6,6,6,6,2,6,2,3,5,6,4,6,6,6,6,6,6,6,6,5,5,6,5,6,5,5,6,5,4,6,1,2,1.833333333,31.37142857,32.54761905
7661677731,41,2,1,1,4,6,4,4,6,5,5,4,5,5,4,5,5,5,5,5,4,4,5,5,5,4,4,4,4,3,3,4,2,2,3,2,33,2,1,2,1,5,2,4,3,2,1,1,2,1,1,1,1,1,5,5,5,6,5,4,4,4,2,2,4,4,1,2,1,1,1,1,1,1,7.833333333,30.83809524,26.95952381
7662468202,53,2,1,1,5,4,5,4,4,5,5,5,4,4,4,4,6,6,6,5,5,5,5,4,5,5,5,4,4,5,5,4,3,4,3,4,57,2,1,2,1,5,4,5,5,3,4,5,5,5,3,2,4,5,4,5,5,4,4,4,5,4,2,3,4,4,4,4,4,4,2,2,2,2,35,21.2547619,19.9452381
7700427754,58,2,1,2,4,4,1,3,3,4,4,2,1,4,1,1,2,2,1,3,5,4,4,5,4,5,5,3,4,3,2,5,2,1,3,1,65,2,1,1,1,5,2,4,2,3,2,1,1,1,1,1,1,1,3,4,3,3,5,5,5,3,4,5,2,3,2,4,2,4,1,1,1,1,39.08333333,20.8952381,19.26428571
7726351504,25,2,1,2,2,2,2,2,2,3,3,2,5,5,5,4,4,4,4,4,4,3,3,3,2,2,2,2,4,3,4,3,2,1,5,1,29,2,1,1,1,5,2,2,2,2,2,3,3,2,5,4,5,4,4,5,3,4,4,4,5,4,2,2,3,2,4,4,4,3,2,1,3,1,6.75,24.68571429,25.56428571
7741697128,31,2,1,2,4,2,4,3,2,2,4,2,5,2,2,4,5,5,5,6,5,4,4,4,5,4,2,2,2,4,3,2,2,2,2,2,44,2,1,1,1,5,4,2,3,4,1,5,1,1,3,4,2,4,5,5,5,6,4,3,5,5,3,2,4,4,2,2,4,5,2,1,2,2,3.666666667,29.61428571,29.26904762
7756688342,44,2,1,1,4,4,5,4,2,2,4,2,5,5,4,5,6,6,6,6,6,6,5,6,4,4,4,4,4,4,4,5,2,2,1,1,41,2,1,2,1,5,2,4,2,2,2,2,1,2,6,5,3,5,6,5,5,5,5,5,6,5,2,2,2,1,2,5,2,2,1,1,1,2,22.33333333,29.97380952,29.98333333
7767094574,35,2,1,1,5,5,4,4,4,4,4,5,5,4,4,4,3,4,3,4,5,4,4,4,3,5,3,4,4,4,4,4,2,3,3,3,36,2,1,2,1,5,1,2,4,1,1,2,4,2,1,1,1,1,2,2,2,1,2,4,2,4,2,1,2,2,4,1,1,2,2,1,3,2,9.333333333,21.57380952,30.47857143
7769272877,33,2,1,1,5,4,5,5,3,3,6,3,4,4,4,6,6,6,6,6,6,6,6,6,5,6,6,5,4,5,4,4,1,1,1,1,31,2,1,2,1,5,5,6,6,5,1,5,2,1,6,6,5,5,6,6,6,6,6,6,6,6,5,6,5,1,3,6,5,5,1,1,1,1,4.416666667,31.31428571,30.98095238
7792297167,38,2,1,1,6,6,6,6,1,1,6,1,6,6,6,6,6,6,6,6,6,6,6,6,1,6,1,1,6,6,6,6,6,1,6,6,31,2,1,2,1,5,4,4,4,4,1,1,1,1,4,4,4,4,1,4,4,4,4,4,4,4,1,1,1,1,1,4,1,1,4,4,1,1,15.08333333,17.45238095,13.33571429
7823344464,22,2,1,2,6,6,6,6,1,1,1,1,6,6,6,6,6,6,6,6,6,6,6,6,6,6,6,6,6,6,6,6,6,4,1,6,23,2,1,1,1,5,5,5,5,6,2,3,5,2,5,3,2,6,6,5,6,6,5,6,5,6,5,6,5,4,5,4,5,5,1,2,1,2,3.75,31.5,32.2
7823571272,46,2,1,2,4,3,4,2,2,1,2,1,4,4,5,4,5,4,4,4,4,5,4,3,4,4,4,4,3,3,4,4,2,1,4,3,49,2,1,1,1,5,5,5,5,5,5,3,4,4,5,5,5,5,6,5,6,6,6,5,5,5,4,5,4,4,3,5,5,2,3,5,3,5,22.5,32.55,32.6
7840895930,38,2,1,2,5,4,5,4,2,3,4,2,5,6,6,6,6,5,5,6,6,4,5,5,4,3,4,4,3,4,5,4,2,2,2,2,36,2,1,1,1,5,3,4,3,3,3,4,3,3,6,6,5,5,5,6,5,6,5,4,5,5,2,4,4,4,4,3,3,3,2,2,2,2,13.75,29.41666667,29.21666667
7926728119,31,2,1,1,4,4,4,3,2,2,2,2,4,4,3,4,5,5,5,5,5,5,5,5,5,4,4,5,1,2,4,4,2,1,1,1,30,2,1,2,1,5,3,5,5,3,4,4,3,4,4,3,3,4,4,4,4,4,4,5,5,4,4,5,4,4,3,4,4,4,3,5,2,2,12.5,29.17380952,31.83333333
8013311819,52,2,1,2,2,1,4,3,2,1,3,1,4,4,4,4,5,4,4,4,5,6,5,4,4,4,1,1,4,4,4,1,1,1,1,1,53,2,1,1,1,5,1,2,1,1,1,1,1,2,1,1,1,2,5,4,4,5,3,2,2,1,2,1,4,4,2,1,2,3,1,1,3,1,32.41666667,29.01904762,29.12142857
8035039140,25,2,1,2,6,4,5,5,1,1,1,1,5,5,6,5,6,6,6,6,6,6,6,6,5,5,6,4,6,5,5,5,1,5,1,5,26,2,1,1,1,5,5,5,5,5,1,1,1,1,5,5,5,4,6,6,6,6,6,6,6,6,5,5,4,4,4,6,6,5,2,4,1,5,6.083333333,29.85,28.1547619
8054846220,63,2,1,2,6,6,3,5,2,3,3,2,6,6,6,6,6,6,6,6,6,6,6,4,6,6,5,3,6,6,6,6,2,1,1,2,83,2,1,1,1,5,4,4,4,5,4,5,5,4,4,4,4,4,5,5,5,5,4,4,5,5,5,5,5,4,5,5,3,4,4,3,2,4,40.25,32.16666667,33
8057031999,33,2,1,2,2,3,3,4,1,1,1,1,5,5,3,4,6,6,6,6,6,6,6,6,4,4,5,5,2,6,3,4,1,1,1,1,33,2,1,1,1,5,3,4,3,4,2,2,4,2,5,5,5,5,6,6,5,6,6,6,6,6,5,5,5,3,4,4,4,4,2,2,2,1,0.5,29.41190476,32.25
8090915301,64,2,1,1,3,1,2,1,2,3,3,1,4,5,3,3,4,4,4,3,3,3,2,2,3,3,3,3,4,3,5,5,3,1,3,4,50,2,1,2,1,5,2,1,2,2,1,2,2,1,2,4,1,2,1,1,2,1,3,3,3,1,2,1,2,2,2,2,4,2,2,1,3,1,25,8.285714286,16.93095238
8107457862,34,2,1,1,4,2,4,5,2,3,2,2,4,3,4,5,6,6,6,5,6,6,6,6,5,5,5,5,4,4,5,6,3,2,2,2,35,2,1,2,1,5,2,2,1,2,1,1,1,1,4,5,5,5,5,5,4,4,4,4,4,4,4,2,1,2,2,2,2,1,1,1,1,1,9.666666667,26.76428571,27.92619048
8128324148,32,2,1,2,4,4,5,4,4,4,5,4,4,4,4,4,4,4,4,3,4,4,5,4,4,4,3,3,4,5,5,4,4,2,4,4,32,2,1,1,2,5,4,5,4,5,4,4,5,5,4,5,4,4,3,4,4,4,4,3,4,4,5,5,4,5,4,4,4,4,4,3,4,4,12.5,27.46190476,29.31428571
8159323187,49,2,1,2,1,6,1,1,1,6,1,1,1,1,1,1,1,4,1,1,6,6,6,6,5,6,5,1,1,1,1,6,1,1,6,1,51,2,1,1,1,5,3,4,2,4,2,2,3,1,3,2,1,2,2,2,3,2,2,2,3,3,2,2,1,1,3,2,2,2,2,2,2,1,2.583333333,13.0452381,12.66666667
8169660044,35,2,1,1,5,4,5,5,3,3,3,3,5,5,4,4,6,5,5,5,4,5,5,4,5,5,6,5,4,5,5,5,4,4,4,5,34,2,1,2,1,5,4,4,3,3,4,4,4,4,4,4,4,4,4,3,4,4,4,4,4,4,4,3,4,4,3,3,4,3,4,3,3,4,15.25,26.9952381,27.1547619
8189035155,37,2,1,1,5,6,6,4,1,4,2,2,5,5,4,5,4,5,4,5,5,6,5,6,5,6,4,4,5,5,5,5,3,1,2,3,39,2,1,2,1,5,4,6,5,5,1,2,1,2,5,5,5,5,5,5,3,5,6,6,6,6,6,6,6,6,4,5,5,5,1,1,1,1,11.41666667,31.4,27.84761905
8194438721,60,2,1,2,4,4,4,4,3,3,3,3,4,4,4,5,5,5,5,5,5,5,5,4,4,5,4,5,4,4,5,4,3,3,3,3,65,2,1,1,1,5,4,4,4,4,2,2,2,2,4,4,4,5,5,5,6,5,5,5,5,5,5,5,4,5,4,5,4,4,3,3,3,3,30.41666667,24.29761905,22.38571429
8195480476,52,2,1,1,3,4,3,3,1,2,1,2,5,5,5,4,3,3,3,3,6,5,5,4,3,4,4,4,4,4,4,4,2,1,2,2,47,2,1,2,1,5,5,4,5,5,2,3,3,3,4,6,5,4,4,4,5,4,5,5,5,5,4,4,3,3,3,4,3,4,3,1,2,1,26,28.30714286,21.24761905
8202014586,22,2,1,2,5,5,5,5,3,4,5,4,5,4,5,5,5,5,5,5,5,5,5,5,5,5,4,5,5,5,5,5,1,1,5,1,20,2,1,1,1,5,5,5,5,4,4,5,5,3,4,4,3,6,6,6,6,6,5,5,6,5,6,4,5,5,5,6,5,5,5,4,3,4,4.416666667,29.7452381,30.76666667
8246873356,38,2,1,1,4,3,4,4,2,3,2,2,3,4,4,4,5,4,4,5,5,5,5,4,4,4,4,4,4,4,4,3,2,1,3,2,35,2,1,2,1,5,4,4,4,4,1,2,2,2,3,2,2,3,2,1,1,2,4,4,4,4,4,2,3,3,2,3,2,3,1,1,1,1,18.83333333,24.01666667,29.02619048
8261849408,30,2,1,1,4,4,2,5,1,2,1,1,5,5,5,5,5,6,5,5,6,4,6,5,5,5,4,4,4,4,5,4,1,1,1,1,27,2,1,2,1,5,4,5,5,5,3,3,5,1,4,5,3,4,4,5,4,6,5,5,5,5,6,6,4,6,5,6,5,6,1,3,1,2,8.583333333,30.18333333,31.3
8263915559,34,2,1,1,4,4,4,4,3,3,4,3,5,5,4,4,5,5,5,5,5,5,4,4,4,5,4,4,3,4,4,4,3,2,3,4,31,2,1,2,1,5,4,3,4,3,2,3,2,2,3,3,2,2,4,4,4,4,4,4,4,4,4,4,4,5,3,4,4,4,3,2,2,2,12.91666667,18.80714286,25.41666667
8311576928,27,2,1,1,5,1,5,5,5,4,5,3,6,6,6,6,6,6,6,6,6,6,6,6,5,5,4,5,5,5,4,4,1,1,1,1,27,2,1,2,1,5,4,4,4,4,1,1,2,1,6,6,6,6,6,6,6,6,6,6,6,6,5,5,5,4,5,4,4,4,2,1,1,1,10,31.18333333,30.23333333
8354208943,25,2,1,1,5,5,5,5,5,4,4,5,5,5,5,5,5,5,5,5,4,5,6,6,5,4,5,5,5,5,5,4,5,5,5,5,24,2,1,2,1,5,2,2,3,2,2,2,2,2,4,4,5,4,4,5,4,5,5,5,4,5,3,2,2,2,2,4,2,2,2,4,2,2,1.166666667,24.38571429,28.21666667
8360369439,25,2,1,1,3,4,5,4,4,5,4,4,6,6,4,6,6,6,6,6,6,6,5,5,4,5,3,3,4,5,6,6,3,2,2,2,25,2,1,2,1,5,4,5,4,4,3,3,2,3,4,4,4,4,4,4,4,4,5,5,5,5,3,4,3,4,4,4,4,4,3,2,4,2,6.916666667,24.8,25.50952381
8362892572,32,2,1,1,5,4,5,5,1,1,1,1,4,4,2,4,6,6,5,6,6,6,5,5,4,5,5,4,4,4,5,5,1,2,1,2,31,2,1,2,1,5,4,4,4,5,2,2,2,1,3,2,1,2,4,5,4,4,5,5,5,5,2,2,2,3,4,3,3,4,1,1,1,1,4.25,19.7452381,20.26904762
8376366332,33,2,1,1,4,4,4,3,3,4,5,2,6,6,5,5,4,4,3,3,4,5,4,3,5,4,3,4,4,4,4,5,2,1,5,4,32,2,1,2,1,5,3,3,1,3,1,3,2,2,4,4,4,4,2,2,1,4,4,4,4,4,1,1,1,1,4,2,4,4,1,2,2,4,2.25,7.083333333,12.35238095
8408895412,37,2,1,2,4,4,2,5,1,1,1,1,4,5,2,3,6,6,6,5,4,4,4,3,5,5,5,5,1,1,1,1,1,1,1,1,31,2,1,1,1,5,4,4,3,3,2,1,2,1,2,2,2,2,5,6,6,6,5,4,5,4,4,4,4,4,3,4,2,4,1,1,1,1,7.666666667,30.99761905,29.92380952
8411276628,52,2,1,2,6,5,5,6,2,3,6,2,5,5,2,5,4,4,6,4,6,6,5,6,5,6,6,5,6,6,4,2,5,2,1,1,52,2,1,1,1,5,4,4,5,5,5,4,4,4,5,4,4,4,5,5,4,5,5,4,4,5,2,5,4,4,4,4,5,5,5,3,4,4,24.83333333,28.44761905,28.60238095
8430075152,34,2,1,2,4,4,2,4,2,2,1,2,3,4,4,4,5,5,5,5,5,5,5,6,2,4,3,4,5,4,4,2,2,2,3,1,41,2,1,1,1,5,3,4,5,4,2,4,2,3,4,4,5,4,6,6,5,6,4,4,4,6,3,5,3,4,4,5,5,4,1,1,1,1,3.333333333,31.60714286,31.19047619
8432662482,51,2,1,2,2,2,1,4,1,1,5,2,4,5,5,4,2,2,3,3,4,1,2,3,3,4,3,3,5,5,4,5,3,4,5,2,59,2,1,1,1,5,4,4,4,3,2,2,2,2,5,4,4,4,3,3,3,6,6,5,6,5,4,4,4,4,4,4,4,4,3,2,3,1,32.25,27.77619048,30.47142857
8439255445,41,2,5,2,5,6,5,5,5,6,6,5,6,5,6,5,6,6,6,5,6,6,6,6,5,6,6,6,5,6,5,5,6,5,6,5,50,2,1,1,1,5,4,4,4,4,3,4,3,3,3,4,3,4,5,5,5,5,5,5,5,5,4,5,4,4,4,5,4,4,3,3,3,3,21.41666667,26.25714286,24.98333333
8459181268,23,2,1,1,4,4,4,4,2,3,3,2,4,4,4,5,4,5,5,6,4,6,4,6,6,4,4,4,4,5,4,6,3,3,2,2,30,2,1,2,1,5,5,4,4,4,3,4,3,2,5,5,4,5,5,3,4,3,5,5,5,4,2,4,2,4,4,4,4,5,3,4,2,4,4.5,24.08809524,23.47380952
8459905669,21,2,1,1,4,5,6,5,3,3,5,2,3,1,2,3,6,5,5,6,6,6,6,5,4,5,5,4,3,5,6,2,3,1,1,5,20,2,1,2,1,5,4,3,5,4,6,6,2,6,4,5,1,4,6,5,5,4,4,3,4,5,4,4,6,5,4,5,4,5,1,4,5,2,2.916666667,22.86428571,27.93333333
8469742664,60,2,1,1,4,4,4,4,4,3,3,4,4,4,4,4,5,5,5,5,4,3,4,4,4,5,3,3,4,4,3,3,4,4,5,3,55,2,1,2,1,5,5,5,4,5,2,3,2,2,5,5,3,4,6,6,5,5,5,4,5,4,5,4,4,3,4,4,4,3,3,1,4,4,30,24.65952381,23.01904762
8515776971,31,2,1,1,4,3,4,6,3,5,3,4,6,3,2,6,5,4,5,5,2,5,4,5,5,4,5,3,3,3,5,5,5,4,3,2,31,2,1,2,1,5,4,4,5,4,2,2,3,2,4,4,4,4,4,3,3,2,1,4,4,3,2,2,3,4,5,2,4,3,4,4,2,2,5.333333333,21.54285714,20.46666667
8539584322,23,2,1,2,5,4,6,4,2,2,2,1,6,5,5,5,5,5,5,5,6,5,5,5,2,3,2,1,5,4,3,5,1,1,1,1,23,2,1,1,1,5,6,4,5,5,4,4,4,5,5,4,4,5,4,5,4,5,6,5,4,5,3,5,3,2,4,5,5,4,2,2,4,1,3.75,26.56904762,28.88571429
8547204819,41,2,1,1,2,3,3,4,2,2,4,2,4,5,4,3,4,3,4,2,3,3,3,4,2,4,3,3,3,3,3,2,4,3,3,4,38,2,1,2,1,5,4,5,4,3,3,4,4,4,4,5,5,5,4,3,4,4,3,4,4,5,3,5,4,5,5,4,5,4,4,4,4,4,11.16666667,27.02380952,26.47380952
8559878809,29,2,1,2,6,5,6,6,3,3,2,2,6,6,5,5,6,6,6,6,6,6,6,6,4,5,4,4,5,6,5,4,5,4,1,4,49,2,1,1,1,5,6,5,5,5,2,3,3,3,4,5,4,4,6,6,5,6,5,5,5,5,3,5,6,2,4,5,6,4,1,1,2,1,5.5,30.01428571,26.58095238
8566192618,33,2,1,1,4,6,4,4,1,3,1,1,4,4,5,5,4,5,6,5,4,5,5,4,3,5,4,5,3,4,4,3,2,2,1,3,33,2,1,2,1,5,2,4,2,2,1,3,1,1,4,5,5,5,6,6,4,6,6,6,6,6,2,2,2,2,3,4,2,5,2,2,1,2,0.666666667,22.29047619,27.6
8566671595,40,2,1,2,5,4,4,4,2,3,3,2,4,4,4,4,3,3,3,4,4,5,5,5,5,5,5,5,4,5,3,4,2,1,2,1,42,2,1,1,1,5,6,6,6,6,1,4,1,1,4,6,6,6,3,4,2,6,6,5,6,5,5,1,4,4,5,6,6,4,1,1,1,1,12.91666667,27.2,24.45714286
8587284984,31,2,1,2,4,4,4,4,2,2,2,2,4,4,4,4,5,5,5,5,5,5,5,5,4,4,3,3,4,4,4,3,2,2,2,2,33,2,1,1,1,5,3,4,5,5,2,4,2,2,5,3,3,3,4,4,2,6,5,5,5,5,2,4,4,6,4,4,4,4,3,3,3,3,10.5,31.23333333,30.14761905
8631027425,32,2,1,1,5,4,5,3,2,4,5,2,6,6,5,4,6,6,6,6,6,6,6,6,6,5,5,2,4,4,4,5,2,3,3,6,30,2,1,2,1,5,4,4,5,4,2,2,3,1,6,6,5,6,6,6,6,5,6,4,5,6,6,6,6,5,5,5,4,4,4,4,2,4,3.916666667,30.48333333,30.73333333
8633467629,42,2,1,1,4,5,4,5,5,5,4,4,2,5,3,4,4,5,4,4,4,3,5,4,5,4,5,5,4,4,4,5,5,4,3,4,30,2,1,2,1,5,5,6,6,5,5,6,5,5,4,4,4,5,6,6,6,5,5,5,5,4,5,5,5,5,4,5,5,5,5,4,5,4,5.5,31.01666667,29.82380952
8691385700,45,2,1,1,4,3,3,3,3,3,2,2,6,6,5,5,6,6,5,5,5,5,4,5,4,4,3,3,4,4,4,2,2,2,1,3,43,2,1,2,1,5,1,1,1,1,1,2,1,1,2,2,1,2,6,5,4,5,4,2,2,3,3,2,1,1,1,3,2,1,1,1,1,2,5.75,28.55714286,27.2547619
8733951461,26,2,1,2,4,4,4,4,3,2,3,2,3,3,3,2,5,6,6,6,6,6,6,6,4,4,2,4,5,5,5,5,2,1,2,2,28,2,1,1,1,5,5,4,4,4,4,4,4,4,2,3,2,2,6,5,5,5,6,6,6,5,4,4,4,4,3,5,3,4,2,2,2,2,5.083333333,28.31666667,29.48333333
8749435786,32,2,1,1,4,4,4,3,1,2,2,2,2,4,2,3,2,2,3,3,4,4,4,5,4,4,4,5,3,3,5,5,1,1,3,2,30,2,1,2,1,5,5,4,5,5,1,3,1,1,5,4,3,3,5,5,4,4,6,4,5,4,3,6,4,4,2,4,3,4,1,1,4,1,11.66666667,31.04047619,29.1
8761593268,24,2,3,1,4,4,6,4,6,4,4,5,5,6,4,5,4,4,5,6,5,5,5,5,4,5,4,4,6,4,4,4,3,4,3,6,24,2,1,2,1,5,5,2,2,4,4,4,6,3,6,5,4,5,6,6,6,5,6,5,4,5,4,4,4,6,2,2,6,5,2,1,1,2,6.5,29.76190476,25.36666667
8767835092,48,2,1,1,6,6,6,6,6,6,6,6,6,6,6,6,6,6,6,6,6,6,6,6,6,6,6,6,6,6,6,6,6,6,1,6,40,2,1,2,1,5,6,6,6,6,6,6,6,6,6,6,6,6,6,6,6,6,6,6,6,6,6,6,6,6,6,6,6,6,1,1,1,1,10.41666667,33,30.05
8777919471,31,2,1,2,5,5,5,5,5,6,5,5,5,5,5,4,5,5,5,5,5,5,5,5,5,5,5,5,5,5,5,5,5,5,6,4,32,2,1,1,1,5,6,3,6,5,5,2,3,5,3,3,3,3,5,5,5,5,5,5,5,5,5,5,5,3,3,5,3,5,5,5,5,5,4.333333333,25.76666667,24.87857143
8783771803,36,2,1,1,5,5,4,4,5,4,5,4,5,4,5,4,3,4,5,5,5,6,5,5,6,5,5,4,4,4,5,5,3,4,4,3,35,2,1,2,1,5,3,4,4,3,3,4,2,2,5,5,5,5,2,2,2,3,5,6,4,5,2,3,4,4,4,5,5,4,4,4,4,3,14.08333333,27.72857143,31.45
8786075011,27,2,1,1,4,4,4,3,1,3,3,1,5,5,2,4,6,6,6,5,6,6,6,6,4,4,3,2,5,4,5,4,1,4,1,3,28,2,1,2,1,5,1,2,2,4,1,3,1,1,5,6,3,4,5,5,4,5,5,6,6,6,3,1,4,4,5,4,5,1,1,1,1,2,11.16666667,30.10714286,30.51428571
8794666909,45,2,1,1,5,4,4,5,1,4,2,1,4,4,5,4,2,2,2,4,5,4,4,4,4,5,4,4,5,5,4,5,2,2,4,2,46,2,1,2,1,5,2,1,1,2,1,2,1,1,3,4,3,4,1,2,2,2,3,5,3,4,4,4,4,4,2,3,4,2,1,1,1,2,23.16666667,17.28571429,16.83095238
8795328802,42,2,1,2,3,1,1,1,2,2,2,2,1,2,1,2,2,2,2,5,1,1,5,5,4,4,3,4,2,1,3,3,2,2,2,2,43,2,1,1,1,5,2,4,2,4,2,2,2,2,2,2,1,2,2,4,2,4,5,5,5,5,4,4,4,4,4,4,2,4,2,2,2,2,18.33333333,21.60238095,23.86428571
8813934183,35,2,1,1,3,4,3,3,3,4,4,3,5,6,5,6,6,6,6,5,6,6,5,5,4,4,5,4,3,4,5,4,3,4,4,4,37,2,1,2,1,5,2,3,1,3,2,4,2,1,5,5,4,4,3,3,4,4,6,6,6,6,2,3,2,2,5,5,2,4,4,5,2,2,8.916666667,22.47619048,24.1952381
8835082399,25,2,1,2,5,3,4,4,1,1,2,1,3,3,4,4,6,6,6,5,6,5,5,4,4,4,4,4,2,4,3,4,1,1,1,1,24,2,1,1,1,5,5,4,5,5,2,4,2,2,2,2,1,4,3,5,4,4,5,5,6,6,5,4,2,5,3,5,4,5,3,1,3,2,2,24.71428571,30.86428571
8845629625,34,2,1,1,4,3,4,3,3,3,3,3,6,5,5,5,6,6,6,4,5,5,5,4,4,4,3,5,3,4,3,3,3,2,4,2,33,2,1,2,1,5,4,5,3,5,2,4,4,2,6,6,6,6,6,6,5,6,6,5,6,5,5,6,4,5,5,6,5,5,3,2,3,5,4.333333333,29.5452381,29.11666667
8955766186,25,2,1,1,4,4,5,4,1,4,2,1,6,5,6,6,4,4,4,4,4,5,4,5,4,4,4,4,4,4,4,5,1,1,3,5,25,2,1,2,1,5,6,6,6,6,6,6,3,4,6,6,6,6,6,6,6,6,6,6,6,6,6,6,6,6,6,6,6,6,6,6,1,6,5.416666667,30.05,28.8
8965982658,35,2,1,1,6,4,6,5,3,2,1,3,6,6,5,5,4,6,4,6,6,6,6,5,5,6,4,4,4,5,4,4,1,1,1,2,32,2,1,2,1,5,4,1,4,6,1,2,1,1,6,6,6,6,6,6,6,6,4,4,3,4,6,6,6,5,4,6,5,5,2,1,1,1,7.333333333,29.97142857,31.62380952
8976906192,33,2,1,1,5,4,4,4,5,4,4,5,4,5,4,4,4,4,4,4,5,3,4,4,3,4,2,4,5,4,5,5,3,2,2,2,33,2,1,2,1,5,5,5,5,4,1,1,2,2,5,5,4,5,3,4,3,4,6,5,5,5,5,5,5,5,6,5,4,5,1,1,1,1,16.08333333,28.75952381,27.40952381
9004389774,31,2,1,2,3,3,3,3,1,2,2,2,4,4,5,5,6,6,6,6,6,5,6,5,3,3,2,3,4,3,2,4,1,1,2,1,33,2,1,1,1,5,1,1,1,1,1,1,1,1,1,4,4,4,4,2,1,4,4,2,4,4,5,4,1,5,1,1,1,1,1,1,1,1,8.75,25.03095238,28.28571429
9032651575,33,2,1,1,5,5,5,5,3,5,3,3,4,4,4,4,5,5,5,5,6,6,6,6,4,5,5,5,5,5,4,4,3,2,2,1,34,2,1,2,1,5,4,4,4,4,4,4,4,4,4,4,4,4,4,4,4,4,5,5,5,5,4,4,4,4,4,5,4,4,2,2,2,2,12,27.96666667,28.45
9047402638,21,2,1,2,6,5,6,6,2,2,5,2,4,6,5,6,6,6,6,6,6,6,5,6,6,6,6,5,6,6,6,5,4,6,3,6,22,2,1,1,1,5,4,5,4,5,1,3,1,1,6,5,5,5,6,6,5,5,6,6,6,6,5,5,5,4,6,5,1,5,3,3,1,2,2.25,32.09047619,30.96666667
9054874359,33,2,1,1,5,3,5,5,5,4,5,4,2,4,4,5,3,3,4,4,6,5,6,5,3,4,3,3,4,3,4,4,2,2,4,5,34,2,1,2,1,5,5,5,5,5,4,3,4,5,4,4,2,5,6,6,5,6,6,6,6,6,5,4,4,4,4,4,4,4,4,3,4,3,8.583333333,31.71666667,27.75
9075848611,63,2,1,2,5,3,4,4,4,4,4,4,4,4,4,4,4,4,5,5,3,4,4,4,4,4,4,4,3,4,4,4,4,2,3,4,60,2,1,1,1,5,4,4,4,4,3,3,3,3,3,3,3,3,5,5,5,4,4,4,4,4,4,3,3,3,4,4,4,5,3,3,3,3,3.5,31,30.41666667
9090007435,57,2,1,1,4,4,4,5,4,5,4,4,5,5,5,5,6,5,5,4,5,5,5,4,5,4,4,3,4,4,4,3,4,2,3,2,66,2,1,2,6,5,5,5,3,6,2,1,4,1,6,6,5,6,6,6,6,6,6,6,6,6,4,5,4,5,5,6,5,4,3,2,1,3,5.833333333,33,29.5
9095874488,37,2,1,2,4,4,5,4,3,4,2,4,1,4,2,2,5,5,4,5,6,4,5,4,6,4,5,2,2,5,1,4,2,4,2,1,46,2,1,1,1,5,3,4,4,4,4,5,4,4,4,4,3,4,5,5,4,5,5,5,5,5,5,5,5,5,4,4,4,5,3,4,3,3,7.5,25.91904762,25.5
9102509818,42,2,1,1,5,5,5,5,1,1,5,1,5,5,5,5,5,5,5,5,5,5,5,5,5,5,5,5,5,5,5,5,1,1,1,1,40,2,1,2,1,5,4,4,5,4,1,1,5,1,3,4,4,4,5,5,5,4,5,5,5,4,4,4,5,5,4,5,5,4,1,1,2,1,3.166666667,28.53333333,29.63333333
9123289024,40,2,1,1,6,5,5,4,2,5,4,5,6,5,5,4,6,6,6,6,5,5,6,5,5,5,5,5,4,6,5,6,5,4,5,5,30,2,1,2,1,5,4,4,4,4,4,4,4,5,5,5,5,4,5,5,5,4,5,4,4,4,4,5,5,5,5,4,4,5,4,4,4,4,9.666666667,20.99047619,18.81666667
9125415542,55,2,1,1,4,3,4,4,4,4,3,4,3,4,2,2,5,5,5,5,6,6,6,6,3,3,3,3,2,4,5,3,1,1,2,2,54,2,1,2,1,5,4,4,4,4,3,4,4,3,4,4,3,3,6,6,5,5,6,6,6,6,4,4,4,4,4,4,5,4,1,1,1,2,33.5,30.53333333,30.7
9132908512,24,2,1,1,4,4,4,5,1,1,2,3,6,6,6,6,6,6,5,5,5,6,6,4,4,4,4,4,4,5,4,4,1,6,3,2,22,2,1,2,1,5,5,5,5,4,1,1,1,1,5,5,5,5,4,4,5,5,6,6,6,6,3,2,2,2,5,3,3,4,1,1,1,1,0.5,24.18571429,25.75714286
9156389215,37,2,1,1,6,6,6,6,6,6,6,6,6,6,6,6,6,6,6,6,6,6,6,6,6,6,6,6,6,5,6,6,6,6,5,6,24,2,1,2,1,5,4,4,4,5,4,4,4,3,4,5,4,4,1,5,4,4,5,4,3,2,6,3,5,4,4,4,4,5,5,5,3,4,2.583333333,21.05714286,29.55
9163992051,39,2,1,1,2,3,4,2,1,1,1,1,4,2,1,1,3,3,2,3,4,4,4,4,4,3,1,4,2,2,2,1,4,1,1,1,41,2,1,2,1,5,4,3,4,4,1,1,1,1,4,4,4,4,6,4,5,5,6,6,6,6,4,5,5,4,4,4,4,5,2,1,1,1,16,29.76666667,30.15
9183245640,50,2,1,1,5,4,5,4,1,3,1,1,3,3,2,2,3,4,3,3,5,4,4,4,2,5,2,3,4,4,2,2,2,2,1,1,39,2,1,2,1,5,3,4,4,4,4,4,4,3,4,4,2,4,4,4,4,4,4,4,4,5,4,4,4,4,3,4,3,5,2,2,1,2,16,28.07142857,27.47380952
9196524390,26,2,1,2,4,4,4,4,4,4,5,1,4,3,3,3,5,5,5,5,5,5,5,6,2,4,2,3,3,4,3,4,1,1,1,1,30,2,1,1,1,5,5,5,2,6,4,5,2,2,5,4,5,3,6,4,6,4,6,4,6,4,4,5,6,4,4,5,6,5,5,1,2,2,2.083333333,26.21666667,26.67380952
9212559008,34,2,1,2,5,5,5,3,4,4,3,3,6,5,5,4,5,5,5,5,5,5,5,6,4,4,4,3,3,4,4,4,2,2,2,2,36,2,1,1,1,5,3,4,3,4,2,3,2,3,1,1,1,1,2,3,2,3,4,5,5,4,2,3,3,3,3,3,3,3,1,1,2,1,10.33333333,28.35,25.01428571
9247736020,55,2,1,2,4,4,5,4,3,4,3,4,1,2,3,1,1,1,1,2,5,5,5,6,3,4,1,1,4,3,3,5,1,1,1,1,56,2,1,1,1,5,4,5,5,4,3,2,4,3,1,1,1,1,1,1,1,2,5,4,5,4,3,3,2,4,4,4,4,4,2,1,3,1,17.16666667,16.45238095,9.169047619
9251946935,36,2,1,1,5,5,4,5,2,2,1,2,5,5,5,5,5,5,5,5,5,5,5,5,6,5,5,5,4,4,4,5,2,1,1,1,34,2,1,2,1,5,4,4,4,4,2,4,2,2,2,1,1,3,6,6,6,6,6,6,6,6,3,3,5,4,4,5,2,4,1,1,1,1,5.416666667,29.30714286,20.19047619
9266576160,60,2,1,2,4,4,4,4,3,3,6,3,4,4,3,4,4,4,4,4,5,4,4,4,5,6,4,4,4,5,5,4,3,3,3,2,62,2,1,1,1,5,3,3,3,3,1,4,1,1,4,4,1,4,4,4,4,3,3,3,3,3,3,3,3,3,3,4,4,4,1,1,1,1,44.91666667,23.33333333,29.87380952
9271202439,32,2,1,1,5,4,6,5,3,3,4,3,6,6,5,5,5,5,5,5,6,6,6,6,4,4,3,4,3,5,2,4,2,2,3,2,31,2,1,2,1,5,5,3,4,4,3,5,4,4,6,5,6,6,3,5,4,5,4,4,2,3,6,6,5,5,4,4,6,4,4,1,1,1,15.25,27.7452381,30.0047619
9297361632,48,2,1,1,5,5,5,4,1,1,1,1,4,5,4,4,5,5,5,5,5,5,5,5,4,5,4,4,4,5,4,4,1,1,1,1,43,2,1,2,2,5,5,6,5,5,2,2,2,2,5,5,5,5,5,5,5,5,5,5,6,5,5,5,5,3,4,4,3,4,2,1,2,1,21.83333333,26.84047619,30.09285714
9330065827,40,2,1,1,5,5,5,5,4,5,5,5,5,5,5,5,5,5,5,5,5,5,5,5,5,5,5,4,4,5,5,5,3,4,3,4,34,2,1,2,1,5,4,5,4,5,2,4,2,2,4,4,4,4,5,5,5,5,5,5,5,5,4,5,3,5,3,4,5,5,2,2,2,2,15.58333333,30.02857143,32.41666667
9333856612,38,2,1,2,4,3,4,4,5,4,5,4,4,3,3,3,4,3,4,3,5,5,4,5,4,5,4,4,4,4,4,5,2,3,6,2,38,2,1,1,1,5,4,4,4,3,4,4,4,3,3,3,3,4,4,4,3,4,4,5,4,5,3,4,4,4,4,4,4,5,3,4,5,5,12.16666667,23.4452381,25.1
9386250908,63,2,1,1,3,3,5,3,2,5,3,5,4,4,4,6,2,6,6,4,2,6,6,1,5,5,5,4,4,5,6,2,5,1,5,2,62,2,1,2,1,5,5,5,2,5,4,2,5,6,3,1,4,3,6,6,4,5,5,4,6,4,5,5,4,4,5,4,5,2,2,3,1,4,38.5,27.17380952,29.64761905
9386346168,20,2,1,1,5,5,4,4,4,4,4,3,2,2,1,2,4,4,4,3,4,4,4,4,3,1,2,1,3,3,4,2,1,1,1,1,21,2,1,2,1,5,3,5,4,4,1,4,4,2,3,3,4,1,6,5,5,5,5,5,5,5,4,4,4,2,2,3,2,4,1,1,1,1,3.166666667,26.72857143,26.76666667
9413580374,22,2,1,1,5,4,4,4,2,3,2,2,5,5,4,4,6,6,6,6,5,6,6,6,3,4,4,4,3,4,4,3,3,4,1,3,21,2,1,2,1,5,5,6,5,6,1,1,1,1,5,6,2,3,5,6,6,5,6,6,6,5,2,2,2,2,4,5,4,6,1,1,1,6,0.5,30.68333333,27.8952381
9413952492,35,2,1,1,2,4,3,3,2,3,2,2,4,5,4,4,5,5,5,5,5,6,5,6,6,5,3,3,4,4,4,4,3,1,1,1,29,2,1,2,1,5,3,4,4,2,5,3,6,5,4,5,4,4,2,2,2,3,3,3,1,2,2,2,1,2,4,4,4,6,4,2,1,1,2.5,16.08333333,24.53333333
9415299025,36,2,1,1,6,6,6,6,2,4,4,6,6,6,4,6,6,5,5,5,5,6,6,6,6,5,6,6,5,6,6,5,2,6,6,6,30,2,1,2,1,5,5,5,5,6,2,4,3,2,5,5,5,6,5,6,5,6,5,5,5,5,5,5,5,4,5,5,5,5,5,2,6,6,5.5,30.15,27.33095238
9435253435,43,2,1,2,2,4,2,2,1,3,2,2,4,4,4,5,5,6,4,5,6,5,5,4,2,4,2,1,3,4,3,4,1,1,2,1,38,2,1,1,1,5,4,4,5,4,2,5,4,2,5,5,5,5,6,6,6,6,5,5,5,5,4,4,4,3,4,5,4,4,2,1,2,1,17.75,30.1,29.75714286
9471425623,32,2,1,1,6,5,5,6,4,5,3,4,4,5,3,4,6,5,5,6,6,6,6,5,6,5,5,6,4,5,5,3,4,4,2,4,32,2,1,2,1,5,5,5,5,6,3,3,5,5,4,5,5,4,5,5,5,6,5,6,6,5,5,5,5,6,5,6,5,5,4,3,2,2,6.416666667,29.9952381,29.11666667
9518114404,41,2,1,2,5,5,5,5,2,4,5,2,4,4,4,4,5,5,5,5,5,5,5,5,5,5,5,5,5,5,6,6,2,4,5,4,46,2,1,1,1,5,6,6,6,6,2,2,2,2,4,4,2,4,5,5,5,6,6,6,6,6,5,4,4,5,5,4,5,5,2,2,3,2,14.5,25.47380952,24.88809524
9537984679,55,2,1,1,4,5,4,4,3,4,4,3,3,5,4,4,4,3,4,4,4,4,5,5,3,4,3,3,2,4,3,3,1,1,1,1,56,2,1,2,1,5,3,4,4,4,3,3,3,2,4,4,5,4,3,3,3,3,4,4,4,4,3,4,3,4,3,4,3,3,4,4,3,4,9.166666667,22.43333333,21.42380952
9540489361,31,2,1,1,4,4,4,4,5,5,5,4,6,6,6,6,6,6,6,6,5,5,5,5,5,5,4,5,5,5,4,5,2,5,2,4,32,2,1,2,1,5,4,4,4,4,4,5,4,4,4,4,5,5,6,5,5,5,5,4,5,4,5,4,4,4,4,4,4,4,3,3,4,6,4.75,27.38809524,30.35
9546173881,33,2,1,1,5,3,5,5,1,4,5,1,4,5,1,1,6,6,6,6,6,6,5,5,5,5,5,4,2,5,5,5,4,5,5,5,30,2,1,2,1,5,5,4,5,5,1,4,3,1,6,6,6,6,2,2,4,6,5,5,6,4,4,6,5,5,5,5,5,5,1,1,2,4,12.75,30.55,31.15714286
9577976821,42,2,1,2,5,5,4,3,4,4,5,5,5,3,5,5,6,6,6,5,5,6,5,5,1,5,4,1,6,6,6,4,1,6,5,1,41,2,1,1,1,5,4,4,4,4,1,1,2,1,4,4,4,4,4,5,4,5,4,5,5,5,2,2,3,2,2,4,4,2,1,2,2,1,22.16666667,28.6,27.47380952
9595861567,34,2,1,2,5,4,4,4,1,4,1,1,5,4,4,5,5,5,5,5,5,6,6,5,4,6,4,4,5,5,4,5,1,1,1,1,34,2,1,1,1,5,2,2,2,3,2,2,2,2,2,2,1,2,5,5,5,6,6,5,6,6,5,5,4,4,2,2,2,2,1,1,5,2,1.916666667,31.06666667,29.7452381
9665210927,39,2,1,1,4,4,4,4,5,4,5,4,5,4,4,3,3,4,3,4,4,4,3,4,4,4,4,5,4,5,3,3,4,5,3,5,36,2,1,2,1,5,2,2,2,3,1,1,1,1,4,5,4,4,4,5,5,5,5,4,4,5,4,3,2,4,2,3,2,4,1,1,1,2,5.916666667,26.82142857,30.77857143
9709570718,48,2,1,2,5,5,5,5,5,5,5,4,4,5,3,4,5,4,5,5,5,5,5,5,5,5,4,4,5,5,5,4,2,1,4,1,41,2,1,1,1,5,1,1,1,2,4,2,4,2,2,1,1,2,2,1,2,1,2,1,1,2,2,1,1,1,1,1,1,1,2,1,2,1,11.25,24.61666667,28.73809524
9728359195,30,6,1,1,6,6,6,6,6,6,6,6,6,6,4,6,6,4,6,6,6,6,6,6,6,6,6,6,6,6,6,6,6,6,1,6,30,2,1,2,6,5,6,5,6,6,2,3,5,4,6,6,6,6,6,6,5,6,6,5,6,6,6,6,4,6,6,6,6,6,4,3,2,3,8.666666667,30.71666667,29.85
9733546022,39,2,1,2,2,2,2,2,2,2,2,2,2,2,2,2,2,2,2,2,4,4,4,4,2,2,4,2,2,2,2,2,2,2,2,2,34,2,1,1,1,5,1,1,2,2,1,1,1,1,1,3,1,2,1,2,1,2,3,2,2,3,1,1,1,1,2,2,2,1,1,1,1,1,8.416666667,18.70238095,27.26666667
9767275707,30,2,1,1,2,4,6,2,1,1,2,1,4,4,1,2,6,5,5,4,5,4,4,4,5,4,4,4,3,3,4,1,1,1,1,4,31,2,1,2,1,5,3,4,4,4,4,4,3,3,4,4,5,5,5,5,5,5,5,5,5,5,4,5,4,4,5,4,5,4,2,2,2,3,15.16666667,32.09761905,31.65
9780820305,22,2,1,1,5,5,5,5,5,5,5,5,5,5,5,5,5,5,5,5,5,5,5,5,5,5,5,5,5,5,5,5,3,4,4,2,21,2,1,2,1,5,3,3,3,3,3,3,3,3,4,4,4,3,3,3,2,3,3,3,3,3,3,3,3,3,2,3,3,3,4,3,3,3,2.833333333,20.97619048,24.36904762
9786604806,27,2,1,2,5,3,4,3,2,4,4,2,5,4,5,4,4,5,3,4,6,5,6,5,5,4,4,5,4,3,4,5,2,2,4,3,29,2,1,1,1,5,6,5,5,5,5,5,3,1,3,2,2,3,5,6,5,5,6,5,5,5,5,3,5,4,4,4,2,4,1,1,3,5,11.75,27.05,21.63571429
9817086685,34,2,1,1,6,2,6,5,1,1,3,1,4,2,3,3,5,6,5,6,5,4,4,4,5,5,5,4,3,1,4,1,1,1,1,1,30,2,1,2,1,5,2,2,2,2,1,1,2,1,4,4,3,4,6,4,2,6,5,3,5,5,4,5,3,4,4,4,4,4,1,1,1,2,15.75,28.87380952,29.13333333
9822291669,26,2,1,1,6,5,5,6,1,1,1,1,6,6,6,6,4,4,4,6,6,6,6,6,6,6,6,6,1,6,6,4,1,4,1,1,24,2,1,2,1,5,6,6,6,6,1,1,4,2,5,4,4,4,4,4,4,4,6,6,5,5,6,6,5,6,5,4,6,4,2,1,1,2,3.5,29.93333333,30.51428571
9851315584,26,2,1,2,6,5,6,6,1,1,2,1,3,2,5,4,5,5,5,6,6,6,6,6,4,6,4,5,1,4,2,2,1,1,1,1,28,2,1,1,1,5,5,5,5,5,3,4,4,3,3,4,1,2,4,6,5,6,6,4,6,3,2,5,2,4,4,5,5,4,1,1,1,1,4,29.56428571,31.36190476
9855833177,36,2,1,1,4,4,4,4,1,4,2,1,4,5,4,4,5,6,5,5,5,5,6,6,6,5,5,5,2,4,2,3,2,2,1,2,35,2,1,2,1,5,4,4,4,4,2,4,2,3,5,5,6,5,5,5,6,6,5,5,5,5,6,6,6,4,4,5,3,3,2,2,1,2,14.33333333,32.15,30.53333333
9875873097,28,2,1,1,5,5,3,3,2,2,2,2,5,5,4,4,5,4,5,5,5,5,5,5,5,5,4,5,2,5,6,4,3,2,3,3,27,2,1,2,1,5,5,5,5,3,1,4,2,1,6,5,5,5,6,6,6,6,6,6,5,6,4,5,4,4,3,4,4,3,2,1,1,1,7.416666667,25.98095238,29.66666667
9919826187,27,2,1,1,4,5,4,4,2,3,3,1,4,5,6,6,4,4,4,5,5,5,5,5,4,5,5,4,5,5,4,4,2,2,1,2,38,2,1,2,1,5,4,1,4,2,1,1,2,1,4,2,2,3,1,2,2,2,4,4,4,4,1,2,1,1,1,2,2,2,1,1,1,2,3.416666667,22.22142857,25.69285714
9931449441,27,2,1,2,4,1,6,4,1,2,2,1,5,4,4,4,5,5,5,6,5,6,5,5,4,4,4,4,3,4,3,2,1,1,1,1,35,2,1,1,1,5,1,4,3,4,1,2,1,1,5,5,5,5,5,5,5,5,2,5,5,1,5,5,4,5,1,5,5,4,5,1,1,1,7.75,32.25,28.91666667
9963211023,39,2,1,1,6,5,5,6,6,6,4,4,5,6,3,4,6,6,5,6,6,6,6,6,6,6,5,5,4,6,5,5,4,6,4,5,31,2,1,2,1,5,4,5,5,4,4,6,5,4,4,4,4,6,5,6,6,6,6,6,6,6,6,6,6,4,6,5,5,4,6,4,4,5,8.166666667,31.35,30.46428571
9964682759,35,2,1,1,5,4,4,5,3,3,5,3,2,3,2,2,6,6,6,5,5,5,5,5,4,5,3,5,4,5,5,4,3,5,4,5,33,2,1,2,1,5,5,4,4,5,2,4,3,2,6,6,5,6,5,5,5,5,5,6,5,6,4,5,4,4,5,5,4,5,2,2,1,4,6,27.79761905,27.92857143
9965608718,36,2,1,2,4,4,4,4,1,3,3,1,4,4,4,4,5,5,5,6,6,6,6,6,2,5,3,3,3,4,2,3,1,1,1,1,42,2,1,1,1,5,3,4,4,3,1,1,2,1,3,4,5,3,5,5,4,5,5,5,5,4,4,4,5,4,2,3,3,3,1,1,2,1,1.666666667,27.78809524,27.78809524
9982860438,34,2,1,1,5,5,5,6,3,4,4,3,6,5,6,6,6,6,6,6,6,6,6,6,6,6,5,6,5,6,5,5,3,1,2,1,32,2,1,2,1,4,5,6,5,5,1,3,5,1,6,6,5,6,6,6,5,6,4,6,5,5,5,5,6,6,6,6,5,6,1,5,2,1,1.916666667,24.86190476,30.3
9984561968,40,2,1,2,4,3,4,4,3,4,3,4,4,4,4,4,3,3,3,3,4,5,4,4,2,3,2,3,3,3,3,4,3,1,2,3,38,2,1,1,1,5,5,5,4,4,3,4,3,3,4,4,5,5,6,5,5,5,5,5,5,6,4,4,4,4,4,4,5,5,3,2,2,2,16.33333333,22.61428571,25.1547619
